,Year,"EA, at least completed lower secondary","COD, by injury","Population, total","Hospital beds (per 1,000 people)",Country Name,Gini index,Poverty headcount ratio at $3.65,Poverty headcount ratio at $6.85,Poverty gap at $2.15,Poverty gap at $3.65,Poverty headcount ratio at $2.15,Poverty gap at $6.85,GDP per capita
11420,2002,88.5432205200195,8.50739666915402,48202470.0,8.89,Ukraine,29.0,17.0,61.9,0.5,3.7,2.7,20.8,911.9068714122596
11686,2003,88.5432205200195,8.50739666915402,47812949.0,8.81,Ukraine,28.7,10.4,54.1,0.2,2.1,1.1,16.0,1087.7880070105214
12624,2007,95.6928405761719,10.1500550943121,5268400.0,5.06,Kyrgyz Republic,33.9,33.6,74.2,1.7,9.5,8.8,31.8,721.7695263030826
12687,2007,61.490291595459,12.3599771881362,3431614.0,2.3,Panama,52.7,14.9,30.5,2.2,5.7,6.7,13.6,6205.821575503539
12879,2008,80.52283986409503,5.05501740113206,4489544.0,4.85,Ireland,30.9,0.3,0.8,0.1,0.2,0.2,0.4,61353.10656295227
12890,2008,95.6928405761719,10.1500550943121,5318700.0,5.01,Kyrgyz Republic,31.5,22.7,67.6,0.6,5.3,3.3,25.0,966.3938473732078
12894,2008,80.41553243001304,12.7241226603015,49054708.0,7.73,"Korea, Rep.",32.3,0.7,1.7,0.2,0.3,0.2,0.7,21350.42862560409
12922,2008,52.8056488037109,12.3581068270841,109684489.0,1.03,Mexico,49.9,14.5,37.8,1.7,4.9,5.4,14.9,10119.821056798468
12953,2008,61.490291595459,12.3599771881362,3495276.0,2.3,Panama,52.7,10.5,23.2,1.1,3.7,4.1,9.8,7197.110786101011
13062,2009,46.9324188232422,9.36407931995113,10051317.0,1.1,Bolivia,49.2,14.1,28.9,3.8,6.8,8.8,13.5,1725.1462861764485
13116,2009,95.5943069458008,4.72123913842452,3814419.0,3.09,Georgia,38.2,34.3,70.5,3.7,11.5,12.1,31.6,2822.68923316471
13145,2009,80.52283986409503,5.05501740113206,4535375.0,2.83,Ireland,32.7,0.7,1.4,0.4,0.5,0.5,0.8,52133.09061625445
13146,2009,63.816461563110366,15.002909102333,74322685.0,1.38,"Iran, Islamic Rep.",42.1,6.0,22.7,0.4,1.7,1.5,7.3,5602.556281831867
13156,2009,95.6928405761719,10.1500550943121,5383300.0,4.83,Kyrgyz Republic,29.9,18.7,67.6,0.3,3.6,1.5,23.2,871.2242201185537
13219,2009,61.490291595459,12.3599771881362,3559343.0,2.3,Panama,51.8,8.0,23.0,0.6,2.4,2.5,8.5,7618.438459007743
13229,2009,32.9285583496094,12.6445081776989,5702574.0,1.3,Paraguay,49.1,14.6,35.7,1.7,4.9,5.8,14.6,3920.186073471032
13255,2009,99.3027725219727,5.30436121699577,5386406.0,6.54,Slovak Republic,27.2,1.1,3.9,0.2,0.4,0.4,1.3,16597.208458136094
13317,2010,79.641487121582,6.22276976538698,10895586.0,6.12,Belgium,28.4,0.2,0.5,0.1,0.1,0.1,0.2,44184.946353964995
13320,2010,35.01635233561196,7.59040285131126,148391139.0,0.6,Bangladesh,32.1,59.3,89.4,3.2,18.3,18.2,46.5,776.8595769402781
13381,2010,99.8078689575195,3.34052925512224,62766365.0,2.93,United Kingdom,33.7,0.5,0.7,0.2,0.3,0.2,0.4,39693.19387012375
13382,2010,95.5943069458008,4.72123913842452,3786695.0,2.99,Georgia,39.5,35.7,70.6,4.4,12.8,14.4,32.6,3233.220357144819
13401,2010,97.9304733276367,5.51193618971543,10000023.0,7.18,Hungary,29.4,0.3,5.4,0.0,0.1,0.1,1.0,13217.504595110731
13411,2010,81.0681991577148,5.05501740113206,4560155.0,2.73,Ireland,32.3,0.9,1.7,0.4,0.5,0.5,0.9,48663.60044392614
13415,2010,85.1100463867188,5.22801580232753,7623600.0,3.16,Israel,42.5,1.2,7.2,0.1,0.3,0.2,1.9,31266.605317438352
13422,2010,95.6928405761719,10.1500550943121,5447900.0,4.76,Kyrgyz Republic,30.1,21.4,70.5,1.0,5.2,3.5,25.3,880.0385141441858
13426,2010,82.9011688232422,12.7241226603015,49554112.0,8.74,"Korea, Rep.",32.0,0.7,2.2,0.2,0.4,0.5,0.9,23087.225643847476
13450,2010,93.7892074584961,8.00622148250186,2862354.0,6.18,Moldova,32.1,4.5,30.1,0.1,0.8,0.4,7.8,2436.7993586401053
13454,2010,53.0869216918945,12.3581068270841,112532401.0,1.05,Mexico,47.2,12.8,38.1,1.6,4.3,4.5,14.1,9399.964708596684
13459,2010,68.1339416503906,3.47210436141757,414508.0,4.52,Malta,29.0,0.3,0.5,0.1,0.2,0.2,0.3,21798.902932312285
13476,2010,89.5227966308594,4.19336980345435,16615394.0,4.05,Netherlands,27.8,0.1,0.2,0.0,0.0,0.0,0.1,50999.74511688907
13484,2010,33.3851013183594,7.76796887644358,194454498.0,0.6,Pakistan,28.8,52.4,90.4,1.3,13.5,9.4,43.1,911.0899961228412
13485,2010,61.490291595459,12.3599771881362,3623617.0,2.3,Panama,51.6,9.1,21.7,1.0,3.2,3.4,9.0,8124.558307348707
13490,2010,80.9015502929688,6.03720414903758,38042794.0,6.61,Poland,33.2,1.1,4.1,0.1,0.4,0.3,1.3,12504.250185609264
13495,2010,39.60493774414062,12.6445081776989,5768613.0,1.3,Paraguay,51.0,13.5,34.1,1.7,4.9,5.5,13.7,4702.915769882726
13503,2010,12.1764698028564,10.9953026937433,10309031.0,1.6,Rwanda,47.2,82.3,93.4,22.8,43.4,59.2,64.9,594.1095117931685
13511,2010,41.6939582824707,20.4477010132172,6114034.0,1.0,El Salvador,43.5,19.9,49.1,1.6,6.2,6.3,19.6,3017.3073947577
13521,2010,99.29273223876956,5.30436121699577,5391428.0,6.46,Slovak Republic,27.3,1.2,3.4,0.3,0.5,0.5,1.2,16908.84795648804
13523,2010,87.0703430175781,4.82245509216902,9378126.0,2.73,Sweden,27.7,0.8,1.3,0.4,0.5,0.5,0.8,52869.04428915862
13544,2010,46.585880279541,5.10500743782608,73195345.0,2.74,Turkiye,38.8,4.4,18.2,0.1,1.0,0.8,5.7,10614.984569901297
13550,2010,49.4982109069824,6.70522188765526,3352651.0,1.2,Uruguay,44.5,1.6,12.0,0.1,0.3,0.2,3.1,12512.59412684413
13580,2011,99.5548477172852,5.43325113185383,8391643.0,7.68,Austria,30.8,0.6,1.0,0.3,0.4,0.4,0.6,51442.27624644113
13583,2011,80.1013717651367,6.22276976538698,11038264.0,6.05,Belgium,28.1,0.3,0.6,0.1,0.1,0.2,0.2,47410.5669277467
13594,2011,47.825538635253906,9.36407931995113,10396246.0,1.07,Bolivia,46.1,10.4,23.5,2.2,4.5,5.3,10.2,2304.982295473116
13603,2011,96.054557800293,5.67378141368627,7912398.0,5.05,Switzerland,31.7,0.0,0.1,0.0,0.0,0.0,0.0,90476.75896515771
13619,2011,77.2228317260742,5.72467463654588,1145086.0,3.51,Cyprus,32.6,0.0,0.2,0.0,0.0,0.0,0.0,24139.2802017452
13620,2011,99.8156204223633,5.51107577546436,10496088.0,7.06,Czechia,26.4,0.1,0.8,0.0,0.0,0.0,0.2,21871.26607541286
13621,2011,96.713623046875,3.86786151573768,80274983.0,8.38,Germany,30.7,0.0,0.2,0.0,0.0,0.0,0.1,46705.8957963357
13643,2011,79.8137283325195,6.93911343109398,65345233.0,6.36,France,33.3,0.1,0.2,0.0,0.0,0.0,0.1,43846.46607648013
13647,2011,99.8556365966797,3.34052925512224,63258810.0,2.88,United Kingdom,33.2,0.5,0.7,0.2,0.2,0.2,0.4,42150.69814088219
13648,2011,96.1514778137207,4.72123913842452,3756441.0,2.81,Georgia,39.6,33.3,69.0,4.3,12.0,13.4,31.3,4021.7542038806946
13655,2011,64.2316576639811,2.99104425645348,11104899.0,4.47,Greece,34.8,2.0,5.2,0.9,1.1,1.1,2.2,25483.882564493295
13667,2011,98.2056579589844,5.51193618971543,9971727.0,7.19,Hungary,29.2,0.3,5.8,0.0,0.1,0.1,1.2,14234.471576936974
13677,2011,83.4697036743164,5.05501740113206,4580084.0,2.62,Ireland,32.9,0.9,1.4,0.4,0.5,0.5,0.8,52183.132931215674
13681,2011,85.7394104003906,5.22801580232753,7765800.0,3.14,Israel,41.4,1.5,7.0,0.2,0.3,0.2,2.0,34354.71611822311
13688,2011,95.6928405761719,10.1500550943121,5514600.0,4.7,Kyrgyz Republic,27.8,19.3,70.6,0.2,3.5,1.3,24.0,1123.8831359808055
13709,2011,91.6342010498047,8.97816525897928,3028115.0,7.43,Lithuania,32.5,1.6,7.0,0.5,0.7,0.7,2.1,14376.947864393163
13711,2011,98.7891616821289,6.54321049783392,2059709.0,5.88,Latvia,35.8,3.1,11.2,0.5,1.1,1.0,3.7,13338.96223508515
13716,2011,94.3194732666016,8.00622148250186,2860699.0,6.19,Moldova,30.6,3.1,27.0,0.0,0.5,0.2,6.4,2941.3621187423423
13725,2011,69.7437286376953,3.47210436141757,416268.0,4.38,Malta,29.1,0.4,0.6,0.1,0.2,0.2,0.3,23155.11484033858
13739,2011,8.36524963378906,8.30701712086658,17283112.0,0.35,Niger,31.5,88.3,97.7,19.2,43.3,60.6,67.2,507.6024956051977
13742,2011,89.4312515258789,4.19336980345435,16693074.0,3.84,Netherlands,27.8,0.2,0.4,0.1,0.1,0.1,0.2,54230.31290298557
13743,2011,99.5988998413086,5.44895932818142,4953088.0,4.19,Norway,25.3,0.1,0.3,0.1,0.1,0.1,0.1,101221.81347664406
13750,2011,33.2478218078613,7.76796887644358,198602738.0,0.6,Pakistan,29.7,51.7,89.1,1.3,13.3,9.6,42.4,1075.4510201549638
13751,2011,61.490291595459,12.3599771881362,3688674.0,2.27,Panama,51.3,7.3,18.3,0.7,2.4,2.5,7.3,9403.43990821634
13756,2011,81.6829223632813,6.03720414903758,38063255.0,6.63,Poland,33.2,0.9,4.0,0.1,0.3,0.3,1.2,13776.389395701995
13760,2011,45.0074005126953,4.2520392743071,10557560.0,3.37,Portugal,36.3,0.9,3.7,0.2,0.4,0.5,1.1,23217.29549652088
13761,2011,41.55285949707032,12.6445081776989,5843939.0,1.36,Paraguay,52.3,12.9,32.2,1.6,4.7,5.0,13.0,5772.995509888365
13767,2011,88.2002182006836,4.43558809207205,20147528.0,6.31,Romania,35.9,12.6,33.5,2.0,4.8,5.4,13.2,9560.158380006322
13773,2011,10.8460102081299,10.4673398923678,12875880.0,0.3,Senegal,40.3,71.0,90.9,14.3,32.2,41.0,56.2,1383.5391173214334
13777,2011,38.5569686889648,20.4477010132172,6137349.0,1.03,El Salvador,42.3,18.4,50.0,1.3,5.4,5.3,19.0,3304.974183478893
13787,2011,99.3099085489909,5.30436121699577,5398384.0,6.05,Slovak Republic,26.5,0.9,3.0,0.2,0.4,0.4,1.1,18509.740215754235
13788,2011,96.017951965332,7.84314369716472,2052843.0,4.62,Slovenia,24.9,0.0,0.3,0.0,0.0,0.0,0.0,25128.015043130577
13789,2011,87.7039489746094,4.82245509216902,9449213.0,2.7,Sweden,27.6,0.8,1.4,0.4,0.5,0.6,0.8,60755.75955084652
13810,2011,49.7481307983398,5.10500743782608,74173854.0,2.62,Turkiye,40.0,4.0,15.9,0.0,0.8,0.1,4.8,11308.3717351206
13816,2011,51.2122192382813,6.70522188765526,3361637.0,2.98,Uruguay,42.2,1.3,8.5,0.0,0.3,0.1,2.2,14975.562560218666
13837,2012,87.2148971557617,5.13416760461897,2900401.0,2.88,Albania,29.0,4.8,36.7,0.1,1.0,0.6,9.5,4247.631356247084
13846,2012,99.5548477172852,5.40540698866054,8429991.0,7.67,Austria,30.5,0.7,1.1,0.4,0.5,0.6,0.7,48564.917335087426
13849,2012,80.2901916503906,6.211664640783519,11106932.0,5.99,Belgium,27.5,0.2,0.5,0.1,0.2,0.2,0.2,44670.560684510085
13860,2012,51.923828125,9.121431773520971,10569697.0,1.1,Bolivia,46.6,11.0,23.7,3.0,5.4,6.5,10.9,2562.4667842332947
13864,2012,9.59809970855713,9.104610373977104,721145.0,1.74,Bhutan,38.8,11.9,44.9,0.3,2.6,1.7,14.9,2470.072135899105
13869,2012,96.2765808105469,5.6852903582205006,7996861.0,4.97,Switzerland,31.6,0.0,0.0,0.0,0.0,0.0,0.0,85836.20767673591
13885,2012,78.7048034667969,5.270300515903925,1156556.0,3.46,Cyprus,34.3,0.0,0.1,0.0,0.0,0.0,0.0,21656.91337003059
13886,2012,99.8166580200195,5.247882521396885,10510785.0,6.93,Czechia,26.1,0.1,0.9,0.0,0.1,0.0,0.2,19870.80121234037
13887,2012,96.7308578491211,3.90739535899718,80425823.0,8.34,Germany,31.1,0.0,0.2,0.0,0.0,0.0,0.1,43855.85446586179
13890,2012,99.6436004638672,3.528285783779555,5591572.0,3.068333333333334,Denmark,27.8,0.0,0.4,0.0,0.0,0.0,0.1,58507.50805178526
13909,2012,80.487663269043,6.76717417600158,65662240.0,6.34,France,33.1,0.1,0.3,0.0,0.0,0.1,0.1,40870.85236457346
13913,2012,99.8083190917969,3.39179412251166,63700215.0,2.81,United Kingdom,33.1,0.5,0.7,0.2,0.3,0.2,0.5,42485.58606953964
13914,2012,95.5943069458008,4.614172527217335,3728874.0,2.53,Georgia,39.0,29.6,65.5,3.0,10.0,10.7,28.3,4421.929819265413
13921,2012,66.61339569091797,3.146085112067145,11045011.0,4.45,Greece,36.3,2.8,7.2,0.6,1.3,1.5,2.9,21912.998287951727
13933,2012,98.2855682373047,5.028018122401085,9920362.0,7.0,Hungary,30.8,1.0,7.8,0.2,0.3,0.3,1.9,12984.836573013365
13938,2012,45.71714210510253,5.32600158064744,250222695.0,0.83,Indonesia,40.5,46.1,78.5,2.3,14.1,13.7,38.1,3668.212083501231
13943,2012,82.2689514160156,4.48375470533,4599533.0,2.54,Ireland,33.2,0.7,1.3,0.1,0.3,0.3,0.6,49054.697434064066
13947,2012,86.1581115722656,4.698293490021564,7910500.0,3.1,Israel,41.6,1.5,6.7,0.3,0.6,0.7,2.1,33156.22831576373
13954,2012,95.6928405761719,9.3926006041597,5607200.0,4.64,Kyrgyz Republic,27.4,20.0,73.3,0.7,4.2,2.6,25.3,1177.9752575923812
13958,2012,82.16247558593754,11.5225716233636,50199853.0,10.25,"Korea, Rep.",31.6,0.7,1.7,0.1,0.3,0.2,0.7,25466.760517059483
13975,2012,91.415168762207,7.94538957939705,2987773.0,7.45,Lithuania,35.1,2.0,7.0,0.7,0.9,0.9,2.4,14367.70942487197
13977,2012,98.9310073852539,6.09902241547557,2034319.0,5.89,Latvia,35.2,2.8,10.4,0.5,1.0,1.1,3.4,13847.337939319448
13982,2012,95.0330429077148,7.2405716067240755,2860324.0,6.23,Moldova,29.2,2.3,25.9,0.0,0.4,0.1,5.9,3044.8084787624757
13986,2012,58.0119209289551,11.254109459086749,115755909.0,1.03,Mexico,48.7,12.2,35.4,1.2,3.8,3.8,13.2,10376.090495107424
13991,2012,73.2910614013672,3.331855686281005,420028.0,4.71,Malta,29.4,0.3,0.4,0.0,0.1,0.1,0.2,22526.655780146655
14008,2012,89.8591079711914,4.553269485969805,16754962.0,3.75,Netherlands,27.6,0.1,0.2,0.0,0.1,0.1,0.1,50070.14160459039
14009,2012,99.48885955810547,5.420070350371605,5018573.0,3.97,Norway,25.7,0.2,0.3,0.1,0.1,0.1,0.2,102175.91929837366
14017,2012,61.490291595459,10.88602180134541,3754862.0,2.33,Panama,51.7,8.7,18.8,1.1,3.1,3.5,8.0,10767.293178817225
14022,2012,82.2974166870117,5.4111721196195,38063164.0,6.63,Poland,33.0,0.7,4.3,0.1,0.3,0.2,1.2,13010.756918598332
14026,2012,47.2301597595215,4.35284471492313,10514844.0,3.41,Portugal,36.0,1.5,5.5,0.4,0.6,0.7,1.9,20563.713601262843
14027,2012,42.6785202026367,12.3529019868978,5923322.0,1.114,Paraguay,47.6,10.2,27.0,0.9,3.2,3.3,10.4,5621.244026385126
14033,2012,88.9144134521484,4.04442330649708,20058035.0,6.6,Romania,36.5,12.8,33.6,2.2,5.2,6.2,13.5,8930.72991164972
14046,2012,86.07316207885742,3.29628637409932,7199077.0,5.44,Serbia,39.9,10.2,25.0,2.9,4.9,5.3,10.6,6015.945227569688
14053,2012,99.3027725219727,5.69482990552947,5407579.0,5.91,Slovak Republic,26.1,1.1,4.5,0.2,0.4,0.4,1.4,17498.353900259357
14054,2012,96.8689804077148,7.33255210813689,2057159.0,4.54,Slovenia,25.6,0.0,0.3,0.0,0.0,0.0,0.1,22641.805122502978
14055,2012,88.334358215332,4.990884779030055,9519374.0,2.66,Sweden,27.6,0.6,1.2,0.4,0.4,0.5,0.6,58037.82131921721
14076,2012,51.1371307373047,5.39842011797903,75277439.0,2.66,Turkiye,40.2,3.2,14.8,0.0,0.6,0.1,4.4,11697.474362080544
14106,2013,70.7103881835938,23.5916068498346,8751847.0,1.15,United Arab Emirates,32.5,0.0,0.0,0.0,0.0,0.0,0.0,45729.60767574296
14112,2013,99.5548477172852,5.40540698866054,8479823.0,7.64,Austria,30.8,0.4,0.7,0.2,0.3,0.3,0.4,50731.12725418503
14115,2013,81.5879364013672,6.211664640783519,11159407.0,5.93,Belgium,27.7,0.2,0.5,0.1,0.1,0.1,0.2,46757.95185596009
14126,2013,51.923828125,9.121431773520971,10743349.0,1.12,Bolivia,47.6,9.3,21.8,2.3,4.4,5.2,9.4,2853.7971619159816
14127,2013,55.8442993164063,12.805717052335751,201721767.0,2.25,Brazil,52.7,9.5,25.7,1.3,3.4,3.7,10.0,12258.564849171682
14135,2013,96.55035146077478,5.6852903582205006,8089346.0,4.85,Switzerland,32.5,0.0,0.1,0.0,0.0,0.0,0.0,87304.33058135578
14151,2013,79.6970520019531,5.270300515903925,1166968.0,3.41,Cyprus,37.0,0.2,0.3,0.0,0.1,0.1,0.1,20531.590374622785
14152,2013,99.7996520996094,5.247882521396885,10514272.0,6.7,Czechia,26.5,0.1,0.7,0.0,0.0,0.0,0.1,20133.169143135256
14153,2013,96.6717910766602,3.90739535899718,80645605.0,8.28,Germany,31.5,0.0,0.2,0.0,0.0,0.0,0.1,46298.92291773445
14156,2013,99.5849380493164,3.528285783779555,5614932.0,3.07,Denmark,28.5,0.3,0.6,0.3,0.3,0.3,0.4,61191.19370420283
14157,2013,55.2390403747559,12.82581644870505,10157051.0,1.79,Dominican Republic,47.7,13.7,40.5,0.8,3.7,3.0,14.7,6171.295063920473
14168,2013,71.73098246256511,3.51312967279382,46620045.0,2.96,Spain,36.2,1.7,3.8,0.7,1.0,1.1,1.7,29077.18205575649
14175,2013,81.5009994506836,6.76717417600158,66002289.0,6.28,France,32.5,0.1,0.2,0.0,0.1,0.1,0.1,42602.71796526708
14179,2013,99.8322906494141,3.39179412251166,64128273.0,2.76,United Kingdom,32.7,0.2,0.5,0.2,0.2,0.2,0.3,43449.09171731399
14180,2013,96.7516148885091,4.614172527217335,3717668.0,2.59,Georgia,38.6,25.3,60.0,2.1,7.9,8.1,24.7,4623.884713693961
14187,2013,66.1607723236084,3.146085112067145,10965211.0,4.24,Greece,36.1,2.6,8.3,0.3,0.9,1.0,2.9,21787.787763603636
14199,2013,98.3937377929688,5.028018122401085,9893082.0,7.04,Hungary,31.5,0.9,7.3,0.0,0.2,0.2,1.8,13715.07035903604
14204,2013,46.13758468627928,5.32600158064744,253275918.0,0.99,Indonesia,40.8,43.6,76.2,1.8,12.7,11.2,36.1,3602.885516806291
14209,2013,82.2689514160156,4.48375470533,4623816.0,2.56,Ireland,33.5,1.0,1.5,0.5,0.6,0.7,0.9,51546.3547634549
14210,2013,67.731201171875,13.30901495363985,78458928.0,1.5,"Iran, Islamic Rep.",37.4,2.8,18.8,0.1,0.5,0.3,4.8,6280.681867526612
14213,2013,88.427131652832,4.698293490021564,8059500.0,3.09,Israel,40.2,1.0,5.2,0.2,0.4,0.5,1.6,36941.84235735828
14241,2013,92.2894592285156,7.94538957939705,2957689.0,7.31,Lithuania,35.3,2.0,5.8,0.5,0.8,0.7,2.1,15729.652466651229
14243,2013,98.9774017333984,6.09902241547557,2012647.0,5.8,Latvia,35.5,2.5,8.1,0.6,1.1,1.2,2.9,15007.491856171897
14248,2013,95.4942779541016,7.2405716067240755,2859558.0,5.83,Moldova,28.5,1.6,21.1,0.0,0.2,0.0,4.4,3321.043916891544
14257,2013,75.6393890380859,3.331855686281005,425967.0,4.78,Malta,28.8,0.0,0.2,0.0,0.0,0.0,0.1,24769.449602765704
14267,2013,71.21147918701169,9.74396654441426,30134807.0,1.794,Malaysia,41.3,0.6,6.6,0.0,0.1,0.0,1.4,10727.670553305385
14274,2013,89.4114608764648,4.553269485969805,16804432.0,3.61,Netherlands,28.1,0.2,0.3,0.0,0.1,0.1,0.1,52198.89756074582
14275,2013,99.39506072998049,5.420070350371605,5079623.0,3.86,Norway,26.4,0.2,0.4,0.1,0.1,0.1,0.2,103553.84013441668
14282,2013,35.4273300170898,7.554751711732704,205337562.0,0.6,Pakistan,29.5,44.6,86.5,1.1,11.1,7.4,39.2,1126.0407760640064
14283,2013,61.490291595459,10.88602180134541,3821556.0,2.3,Panama,51.5,7.0,18.2,0.6,2.2,2.2,7.0,11932.286220586588
14288,2013,83.1423492431641,5.4111721196195,38040196.0,6.61,Poland,33.1,0.9,3.9,0.2,0.4,0.4,1.2,13558.342561347765
14292,2013,49.2851486206055,4.35284471492313,10457295.0,3.39,Portugal,36.2,1.8,5.4,0.4,0.7,0.9,2.0,21653.195975222658
14293,2013,46.663818359375,12.3529019868978,6005652.0,1.02,Paraguay,47.9,6.8,23.3,0.6,2.1,1.8,8.0,6435.8265502278355
14299,2013,89.4360809326172,4.04442330649708,19983693.0,6.67,Romania,36.9,15.1,32.8,2.3,5.7,6.6,14.2,9497.207426878556
14309,2013,41.037971496582,20.07335587747165,6185642.0,1.07,El Salvador,43.4,14.2,42.7,0.9,4.0,3.6,15.6,3555.1620995848125
14312,2013,85.7873001098633,3.29628637409932,7164132.0,5.5,Serbia,39.5,11.6,28.3,3.2,5.5,5.8,12.0,6755.073674616297
14319,2013,99.2826919555664,5.69482990552947,5413393.0,5.8,Slovak Republic,28.1,1.2,4.1,0.2,0.4,0.3,1.5,18276.009551654777
14320,2013,97.1484069824219,7.33255210813689,2059953.0,4.55,Slovenia,26.2,0.1,0.4,0.0,0.0,0.0,0.1,23503.282485025724
14321,2013,88.9272308349609,4.990884779030055,9600379.0,2.59,Sweden,28.8,0.8,1.3,0.5,0.6,0.7,0.8,61126.94319639787
14342,2013,52.6753196716309,5.39842011797903,76576117.0,2.65,Turkiye,40.2,2.7,13.8,0.1,0.6,0.3,3.8,12507.80315788638
14348,2013,52.3144111633301,7.051313872168345,3381180.0,2.49,Uruguay,40.5,1.1,7.4,0.0,0.2,0.2,1.9,18140.891918067213
14369,2014,86.2205581665039,4.12681470034922,2889104.0,2.8833333333333333,Albania,34.6,9.7,38.7,0.1,2.1,1.0,12.5,4578.63320812155
14377,2014,91.8276672363281,5.85702495846548,23475686.0,3.79,Australia,34.4,0.7,1.0,0.4,0.4,0.5,0.6,62515.31483150098
14378,2014,99.5548477172852,5.37756284546725,8546356.0,7.58,Austria,30.5,0.3,0.7,0.1,0.2,0.2,0.4,51786.3771747897
14381,2014,82.3405303955078,6.20055951618006,11209057.0,5.85,Belgium,28.1,0.1,0.3,0.1,0.1,0.1,0.1,47764.071512082504
14392,2014,51.923828125,8.87878422709081,10916987.0,1.15,Bolivia,47.8,9.0,20.2,1.9,3.8,4.3,8.7,3022.462884435614
14393,2014,56.3307189941406,12.4539423731105,203459650.0,2.22,Brazil,52.0,8.6,24.3,1.1,3.1,3.3,9.2,12071.404654748498
14401,2014,97.0206527709961,5.69679930275473,8188649.0,4.73,Switzerland,32.5,0.0,0.1,0.0,0.0,0.0,0.1,88724.99094026377
14417,2014,78.9592819213867,4.81592639526197,1176995.0,3.42,Cyprus,35.6,0.2,0.4,0.1,0.1,0.1,0.2,19733.22926902731
14418,2014,99.8154830932617,4.98468926732941,10525347.0,6.68,Czechia,25.9,0.1,0.8,0.0,0.0,0.0,0.2,19890.919905664778
14419,2014,96.7991485595703,3.94692920225668,80982500.0,8.23,Germany,30.9,0.2,0.2,0.0,0.0,0.0,0.1,48023.86998454543
14422,2014,91.4856109619141,3.49101268373796,5643475.0,2.69,Denmark,28.4,0.2,0.7,0.1,0.1,0.2,0.3,62548.98473329075
14423,2014,56.3503684997559,11.8261360981609,10282115.0,1.79,Dominican Republic,44.3,10.9,34.8,0.8,3.1,3.4,12.4,6533.6709679806445
14434,2014,73.7143478393555,3.4163321994382,46480882.0,2.97,Spain,36.1,1.5,3.3,0.5,0.7,0.8,1.5,29513.651180040004
14441,2014,82.6331634521484,6.59523492090918,66312067.0,6.2,France,32.3,0.0,0.2,0.0,0.0,0.0,0.1,43068.54872417323
14445,2014,99.8598480224609,3.44305898990108,64602298.0,2.73,United Kingdom,33.1,0.5,0.5,0.2,0.3,0.2,0.4,47447.58893226662
14446,2014,96.7086486816406,4.50710591601015,3719414.0,2.89,Georgia,37.6,22.0,57.0,1.6,6.4,6.1,22.3,4739.277807755093
14453,2014,67.5204162597656,3.30112596768081,10892413.0,4.24,Greece,35.8,2.9,7.7,0.8,1.4,1.5,3.2,21616.71000949046
14456,2014,24.8188199996948,15.2702954374445,15306316.0,0.62,Guatemala,48.3,25.9,55.4,2.7,8.8,9.5,24.1,3779.6260422507935
14465,2014,96.6406173706055,4.54410005508674,9866468.0,6.98,Hungary,30.9,1.1,5.4,0.5,0.7,0.7,1.7,14294.258418075142
14470,2014,47.2939186096191,5.04473675290412,256229761.0,0.94,Indonesia,40.2,40.5,74.9,1.5,11.4,9.3,34.3,3476.6248543286547
14475,2014,84.81540298461915,3.91249200952794,4657740.0,2.57,Ireland,31.9,0.5,1.2,0.3,0.4,0.4,0.6,55643.05943387394
14476,2014,68.479850769043,11.6151208049467,79961672.0,1.5,"Iran, Islamic Rep.",38.8,4.4,21.1,0.1,1.1,0.8,6.2,5757.543332618482
14479,2014,88.8317489624023,4.1685711777156,8215700.0,3.08,Israel,39.8,1.2,5.5,0.2,0.4,0.5,1.6,38259.68109561729
14490,2014,85.7208404541016,10.3210205864257,50746659.0,11.59,"Korea, Rep.",31.2,0.5,1.5,0.1,0.2,0.2,0.5,29249.57522097425
14507,2014,93.0639724731445,6.91261389981482,2932367.0,7.26,Lithuania,37.7,2.7,6.3,0.7,1.2,1.3,2.5,16551.01820207798
14509,2014,99.4220123291016,5.65483433311722,1993782.0,5.66,Latvia,35.1,1.9,7.1,0.4,0.8,0.8,2.5,15742.391338190531
14514,2014,96.1719436645508,6.47492173094629,2857815.0,5.66,Moldova,26.8,0.8,19.9,0.0,0.1,0.0,3.8,3289.1678458869487
14518,2014,57.4869689941406,10.1501120910894,118755887.0,1.03,Mexico,48.7,12.0,38.3,1.1,3.7,3.7,13.6,11076.134114197472
14523,2014,76.8865127563477,3.19160701114444,434558.0,4.59,Malta,29.0,0.0,0.1,0.0,0.0,0.0,0.0,26753.2601254783
14529,2014,15.2227398554484,8.44874301134599,26038704.0,0.7,Mozambique,54.0,83.1,93.6,29.4,48.4,64.6,67.6,680.3753004476529
14537,2014,8.36524963378906,9.70836117250725,19372014.0,0.35,Niger,34.3,82.4,96.7,18.1,39.8,53.6,64.1,560.7544753108841
14540,2014,89.3653717041016,4.91316916848526,16865008.0,3.563333333333334,Netherlands,28.6,0.2,0.4,0.0,0.1,0.1,0.2,52900.537415322186
14541,2014,99.2095336914063,5.39118137256179,5137232.0,3.84,Norway,26.8,0.1,0.4,0.1,0.1,0.1,0.2,97666.6951838749
14554,2014,83.8526306152344,4.78514009020142,38011735.0,6.63,Poland,32.8,1.1,3.8,0.2,0.4,0.4,1.2,14181.950180309896
14558,2014,51.444938659668,4.45365015553916,10401062.0,3.32,Portugal,35.6,1.5,4.7,0.2,0.5,0.5,1.6,22103.70097033178
14559,2014,46.698299407959,12.0612957960967,6090721.0,0.83,Paraguay,50.7,7.6,22.6,0.6,2.3,2.4,8.2,6629.426518575305
14565,2014,89.0505218505859,3.65325852092211,19908979.0,6.71,Romania,36.0,13.9,29.7,2.5,5.7,7.0,13.3,10031.342152669808
14575,2014,41.088710021972645,19.6990107417261,6209526.0,1.35,El Salvador,41.6,13.7,42.7,0.8,3.8,3.4,15.3,3638.517658191623
14578,2014,86.7260437011719,3.10717491859178,7130576.0,5.52,Serbia,40.5,12.2,28.2,4.3,6.4,6.9,12.9,6600.056186405951
14585,2014,99.3442611694336,6.08529859406317,5418649.0,5.79,Slovak Republic,26.1,1.8,4.8,0.5,0.7,0.7,1.9,18719.98814093679
14586,2014,97.5927124023438,6.82196051910906,2061980.0,4.54,Slovenia,25.7,0.0,0.3,0.0,0.0,0.0,0.1,24247.17331840794
14587,2014,89.4749069213867,5.15931446589109,9696110.0,2.54,Sweden,28.4,0.7,1.1,0.3,0.4,0.5,0.7,60020.36045765724
14608,2014,54.9677581787109,5.69183279813198,78112073.0,2.68,Turkiye,41.2,2.2,12.4,0.0,0.4,0.2,3.5,12020.349659273015
14614,2014,53.3844795227051,7.39740585668143,3391662.0,2.42,Uruguay,40.1,0.8,6.3,0.0,0.2,0.2,1.6,18131.57884656608
14635,2015,87.2148971557617,4.12681470034922,2880703.0,2.885,Albania,32.8,3.7,26.2,0.0,0.7,0.1,6.8,3952.8035841084625
14644,2015,99.5548477172852,5.37756284546725,8642699.0,7.54,Austria,30.5,0.7,1.0,0.6,0.6,0.7,0.7,44195.81759477485
14647,2015,84.3579177856445,6.20055951618006,11274196.0,5.83,Belgium,27.7,0.2,0.2,0.1,0.1,0.1,0.1,41008.29671947197
14658,2015,51.923828125,8.87878422709081,11090085.0,1.13,Bolivia,46.7,8.6,20.5,2.1,4.0,4.6,8.8,2975.648811430625
14659,2015,57.5709915161133,12.4539423731105,205188205.0,2.15,Brazil,51.9,9.3,25.3,1.3,3.4,3.9,9.9,8783.214413107176
14667,2015,97.0939331054688,5.69679930275473,8282396.0,4.73,Switzerland,32.3,0.0,0.1,0.0,0.0,0.0,0.0,83806.44760038376
14678,2015,53.0643005371094,11.596610408711,4895242.0,1.16,Costa Rica,48.4,4.4,14.8,0.6,1.5,1.6,5.1,11529.955173567148
14683,2015,78.6391830444336,4.81592639526197,1187280.0,3.42,Cyprus,34.0,0.1,0.1,0.0,0.0,0.0,0.1,16768.806907256334
14684,2015,99.8076629638672,4.98468926732941,10546059.0,6.67,Czechia,25.9,0.0,0.4,0.0,0.0,0.0,0.1,17829.698322366774
14685,2015,96.7161178588867,3.94692920225668,81686611.0,8.13,Germany,31.4,0.0,0.2,0.0,0.0,0.0,0.1,41103.256436376825
14688,2015,92.0675811767578,3.49101268373796,5683483.0,2.53,Denmark,28.2,0.3,0.4,0.1,0.2,0.2,0.2,53254.85637009154
14689,2015,56.611328125,11.8261360981609,10405832.0,1.58,Dominican Republic,45.2,8.8,30.4,0.6,2.6,2.5,10.6,6838.9367346601975
14697,2015,72.9591369628906,4.98902704069397,97723799.0,1.56,"Egypt, Arab Rep.",31.8,13.2,64.5,0.1,2.3,0.9,20.0,3370.382447160154
14700,2015,74.8149490356445,3.4163321994382,46444832.0,2.98,Spain,36.2,1.5,3.5,0.6,0.8,0.9,1.6,25754.36102944005
14707,2015,83.2034301757813,6.59523492090918,66548272.0,6.13,France,32.7,0.2,0.3,0.1,0.1,0.1,0.2,36652.922305217784
14711,2015,99.812068939209,3.44305898990108,65116219.0,2.61,United Kingdom,33.3,0.5,0.7,0.2,0.2,0.2,0.4,45071.07432348721
14712,2015,96.94400405883788,4.50710591601015,3725276.0,2.67,Georgia,36.5,20.0,56.2,1.2,5.5,4.9,21.3,4014.1122409911104
14719,2015,69.1706924438477,3.30112596768081,10820883.0,4.25,Greece,36.0,2.8,7.8,0.8,1.3,1.4,3.1,18083.877905654743
14731,2015,96.7666091918945,4.54410005508674,9843028.0,6.99,Hungary,30.4,1.3,3.9,0.3,0.6,0.6,1.5,12717.03859700206
14736,2015,48.8020706176758,5.04473675290412,259091970.0,0.98,Indonesia,40.4,35.8,72.9,1.4,10.1,8.3,32.2,3322.5816790765575
14741,2015,86.1611022949219,3.91249200952794,4701957.0,2.92,Ireland,31.8,0.5,0.8,0.3,0.3,0.4,0.5,62053.98443815862
14742,2015,67.68724441528322,11.6151208049467,81790841.0,1.5,"Iran, Islamic Rep.",39.5,4.5,21.9,0.1,1.0,0.7,6.2,4990.9367953769415
14745,2015,89.1813583374023,4.1685711777156,8380100.0,3.03,Israel,39.7,0.7,5.0,0.2,0.4,0.5,1.4,36206.52221716208
14773,2015,93.7850036621094,6.91261389981482,2904910.0,6.97,Lithuania,37.4,1.4,4.8,0.5,0.8,0.7,1.8,14263.964577349489
14775,2015,99.276496887207,5.65483433311722,1977527.0,5.69,Latvia,34.2,1.6,4.9,0.4,0.7,0.7,1.8,13786.456795311366
14780,2015,96.3761825561523,6.47492173094629,2835978.0,5.906666666666666,Moldova,27.0,0.9,17.7,0.0,0.1,0.0,3.3,2749.9130382539497
14789,2015,77.5713577270508,3.19160701114444,445053.0,4.59,Malta,29.4,0.1,0.3,0.1,0.1,0.1,0.1,24921.677898387155
14799,2015,74.2072372436523,9.20074125298712,31068833.0,1.86,Malaysia,41.1,0.4,4.8,0.0,0.1,0.0,1.0,9699.584908732168
14806,2015,89.4881210327148,4.91316916848526,16939923.0,3.49,Netherlands,28.2,0.1,0.4,0.0,0.0,0.1,0.2,45193.403218797095
14807,2015,99.2287826538086,5.39118137256179,5188607.0,3.76,Norway,27.5,0.2,0.4,0.1,0.1,0.2,0.2,74809.96580498967
14814,2015,33.56973139444988,7.34153454702183,210969298.0,0.6,Pakistan,31.3,40.0,83.8,0.7,9.2,5.1,36.1,1282.443025839978
14817,2015,64.73472023010255,7.05717713067493,103031365.0,1.01,Philippines,44.6,27.1,60.1,1.3,7.5,6.5,25.2,2974.296920476294
14820,2015,83.6550807952881,4.78514009020142,37986412.0,6.63,Poland,31.8,0.9,3.4,0.2,0.4,0.4,1.1,12560.051419682042
14824,2015,52.7052001953125,4.45365015553916,10358076.0,3.37,Portugal,35.5,1.2,3.6,0.3,0.5,0.5,1.3,19250.106537685184
14825,2015,49.0656700134277,12.0612957960967,6177950.0,0.78,Paraguay,47.6,7.1,22.6,0.4,2.1,1.9,8.1,5861.389724160927
14831,2015,89.4869079589844,3.65325852092211,19815616.0,6.79,Romania,35.9,12.2,27.4,1.7,4.6,5.3,11.6,8976.955236286069
14841,2015,41.72164535522461,19.6990107417261,6231066.0,1.02,El Salvador,40.6,11.5,40.2,0.5,2.9,2.3,13.5,3761.513680002747
14844,2015,88.642448425293,3.10717491859178,7095383.0,5.58,Serbia,40.5,11.6,27.2,4.0,6.1,6.6,12.1,5588.979443587697
14851,2015,99.2700729370117,6.08529859406317,5423801.0,5.75,Slovak Republic,26.5,1.2,4.3,0.3,0.5,0.7,1.4,16390.8821748507
14852,2015,98.1058120727539,6.82196051910906,2063531.0,4.51,Slovenia,25.4,0.0,0.3,0.0,0.0,0.0,0.0,20890.16643041728
14853,2015,90.019401550293,5.15931446589109,9799186.0,2.44,Sweden,29.2,0.8,1.1,0.3,0.5,0.6,0.7,51545.48360953216
14864,2015,94.5381622314453,7.50945059297779,8524063.0,4.753333333333333,Tajikistan,34.0,25.7,66.4,1.4,7.0,6.1,26.2,970.3625996706946
14874,2015,56.3549003601074,5.69183279813198,79646178.0,2.68,Turkiye,42.9,2.5,13.7,0.1,0.5,0.2,3.8,10851.92010698044
14880,2015,54.103141784668,7.39740585668143,3402818.0,2.43,Uruguay,40.1,0.8,6.0,0.0,0.2,0.1,1.5,16950.75337624316
14881,2015,95.3349685668945,6.30596510151972,320738994.0,2.8,United States,41.2,1.2,2.2,0.9,1.0,1.2,1.4,56762.72945159889
14909,2016,92.7639923095703,5.90080858581463,24190907.0,3.84,Australia,33.7,0.5,1.0,0.3,0.4,0.5,0.6,49876.71237612463
14910,2016,99.5548477172852,5.41143873700726,8736668.0,7.42,Austria,30.8,0.9,1.3,0.6,0.6,0.7,0.9,45307.5878620442
14913,2016,84.7895202636719,6.1607616438426405,11331422.0,5.76,Belgium,27.6,0.1,0.3,0.1,0.1,0.1,0.1,42012.622719102685
14916,2016,41.5008010864258,7.309988980594815,159784568.0,0.79,Bangladesh,32.4,51.6,86.9,2.4,15.0,13.5,42.4,1659.9624889867212
14921,2016,98.1666870117188,6.05894259154195,9469379.0,10.94,Belarus,25.3,0.1,4.6,0.0,0.0,0.0,0.8,5039.776031678973
14925,2016,58.2031097412109,12.00380107681945,206859578.0,2.11,Brazil,53.3,10.6,27.0,1.7,4.1,4.7,11.0,8680.73542054828
14933,2016,96.8901824951172,5.69753397019862,8373338.0,4.69,Switzerland,33.0,0.1,0.1,0.0,0.0,0.0,0.1,82153.07454478883
14944,2016,53.1069602966309,11.2375609157797,4945205.0,1.15,Costa Rica,48.7,4.1,14.2,0.5,1.4,1.3,4.7,11899.813978371856
14949,2016,80.3129577636719,5.081275914903185,1197881.0,3.43,Cyprus,32.9,0.1,0.1,0.0,0.0,0.0,0.1,17569.735322103363
14950,2016,99.8044586181641,4.88008509505434,10566332.0,6.66,Czechia,25.4,0.1,0.7,0.0,0.0,0.0,0.2,18575.23202719146
14951,2016,96.5136413574219,4.2943042402017,82348669.0,8.06,Germany,31.4,0.2,0.2,0.0,0.0,0.0,0.1,42136.12079080027
14954,2016,92.4495697021484,3.503516533472435,5728010.0,2.6,Denmark,28.2,0.3,0.5,0.2,0.2,0.3,0.3,54663.998371919566
14955,2016,67.1670379638672,13.65801114604545,10527592.0,1.44,Dominican Republic,45.7,8.0,28.7,0.6,2.3,2.0,9.8,7191.0697125476645
14966,2016,75.7975234985352,3.51921691197879,46484062.0,2.97,Spain,35.8,1.7,3.5,0.7,1.0,1.1,1.7,26537.1594894549
14973,2016,83.6858291625977,6.47555200695348,66724104.0,6.06,France,31.9,0.1,0.3,0.1,0.1,0.1,0.1,37062.53357238383
14977,2016,99.81331888834636,3.564603198741885,65611593.0,2.57,United Kingdom,33.1,0.5,0.7,0.2,0.3,0.2,0.4,41146.077355524656
14978,2016,97.9518890380859,4.204230964768875,3727505.0,2.74,Georgia,36.6,20.1,56.3,1.2,5.6,4.9,20.9,4062.1269783861326
14985,2016,64.8029022216797,3.605176554229605,10775971.0,4.2,Greece,35.0,2.0,6.4,0.6,0.9,1.0,2.3,17923.96681347212
14997,2016,97.1764984130859,4.340645346918355,9814023.0,7.0,Hungary,30.3,1.9,3.3,0.8,1.1,1.3,1.8,13104.699545745818
15002,2016,43.9723091125488,4.896325801599495,261850182.0,0.99,Indonesia,39.3,33.5,68.3,1.2,9.3,7.5,29.8,3558.8188517428716
15007,2016,86.1611022949219,3.91101313079722,4755335.0,2.96,Ireland,32.8,0.4,0.8,0.1,0.2,0.1,0.4,62895.91112392986
15008,2016,69.8314590454102,11.10939262387545,83306231.0,1.7,"Iran, Islamic Rep.",40.0,4.6,22.0,0.1,1.0,0.7,6.4,5497.243232564921
15010,2016,99.2928466796875,5.692752293399085,335439.0,3.13,Iceland,27.2,0.1,0.2,0.0,0.0,0.0,0.1,61987.926362028265
15011,2016,88.8134129842122,4.202028134011474,8546000.0,2.99,Israel,39.0,1.0,4.0,0.1,0.3,0.2,1.2,37690.47395118594
15022,2016,85.7208404541016,9.790908896375036,51217803.0,11.98,"Korea, Rep.",31.4,0.5,1.2,0.1,0.1,0.2,0.4,29288.8704389833
15039,2016,95.1781692504883,6.172004891324326,2868231.0,6.69,Lithuania,38.4,2.2,4.9,0.7,1.1,1.3,2.2,15008.313244553005
15041,2016,99.238639831543,5.310230584229011,1959537.0,5.72,Latvia,34.3,1.5,4.6,0.3,0.6,0.6,1.6,14331.751588505296
15046,2016,96.45789184570312,6.260091806582166,2803186.0,5.745,Moldova,26.3,1.1,17.7,0.0,0.2,0.1,3.3,2847.63506882245
15050,2016,59.7126693725586,10.3231836295255,121519221.0,1.0,Mexico,47.7,10.7,33.6,0.9,3.2,3.2,12.0,8875.082068761369
15055,2016,78.2185134887695,3.22213226027113,455356.0,4.67,Malta,29.1,0.2,0.3,0.1,0.1,0.1,0.2,25623.855626725024
15072,2016,89.7140426635742,5.339079859739515,17030314.0,3.41,Netherlands,28.2,0.2,0.4,0.0,0.0,0.0,0.1,46039.10592841101
15073,2016,99.2340087890625,5.49473591165774,5234519.0,3.68,Norway,28.5,0.4,0.7,0.2,0.2,0.3,0.4,70867.36099707498
15081,2016,69.4722290039063,9.092403399379124,4026336.0,2.25,Panama,50.4,5.8,14.5,0.4,1.7,1.5,5.8,14382.232381996932
15086,2016,85.3279266357422,4.513011186193619,37970087.0,6.64,Poland,31.2,0.6,2.4,0.1,0.2,0.2,0.8,12378.811764073544
15090,2016,54.1912498474121,4.623682974238335,10325452.0,3.39,Portugal,35.2,0.7,3.6,0.2,0.3,0.4,1.1,19991.97248788111
15091,2016,47.7961006164551,11.58444538821395,6266615.0,0.83,Paraguay,47.9,7.2,23.7,0.3,2.0,1.7,8.1,5759.018333156577
15097,2016,90.0044097900391,3.6442086651736143,19702267.0,6.84,Romania,34.4,8.9,21.8,1.1,3.1,3.2,8.6,9404.380487023243
15107,2016,43.2466316223145,19.39624711220275,6250510.0,1.06,El Salvador,40.0,12.0,38.7,0.6,3.2,2.6,13.4,3870.3129824606312
15110,2016,89.4902420043945,2.740780774010875,7058322.0,5.59,Serbia,38.8,11.0,24.6,4.2,5.9,6.4,11.4,5765.203352480094
15117,2016,99.3035583496094,6.186008198194481,5430798.0,5.78,Slovak Republic,25.2,2.1,4.3,1.2,1.4,1.4,2.2,16563.440497123353
15118,2016,97.6204681396484,7.089452370547745,2065042.0,4.49,Slovenia,24.8,0.0,0.2,0.0,0.0,0.0,0.0,21678.35946706353
15119,2016,90.5436477661133,5.09838660246941,9923085.0,2.34,Sweden,29.6,0.5,0.9,0.2,0.3,0.3,0.5,51965.157153198525
15140,2016,58.8644409179688,5.1799525259012995,81019394.0,2.75,Turkiye,41.9,1.6,11.6,0.0,0.3,0.2,3.1,10734.25646871918
15146,2016,54.9455986022949,7.36654776711789,3413766.0,2.48,Uruguay,39.7,0.7,5.6,0.0,0.1,0.1,1.3,16837.940380304917
15147,2016,95.5852432250977,6.4294630186527,323071755.0,2.77,United States,41.1,1.2,2.0,0.9,1.0,1.0,1.3,57866.74493410914
15153,2016,65.3397903442383,9.08270095881439,93126529.0,2.89,Vietnam,35.3,6.4,27.1,0.2,1.6,1.3,8.3,2760.7171010751945
15176,2017,99.5548477172852,5.41143873700726,8797566.0,7.37,Austria,29.7,0.4,0.7,0.2,0.3,0.3,0.4,47429.15845643909
15179,2017,86.5041732788086,6.1607616438426405,11375158.0,5.66,Belgium,27.4,0.2,0.4,0.1,0.2,0.1,0.2,44198.48239086947
15187,2017,98.1666870117188,6.05894259154195,9458989.0,10.83,Belarus,25.4,0.1,3.3,0.0,0.0,0.0,0.6,5785.534975254523
15190,2017,64.6958389282227,8.790281663914204,11435533.0,1.29,Bolivia,44.6,9.2,21.0,2.1,4.1,4.9,9.1,3280.008213938694
15191,2017,59.1219291687012,12.00380107681945,208504960.0,2.09,Brazil,53.3,11.0,27.1,2.0,4.5,5.3,11.2,9896.717510996716
15199,2017,97.05616912841798,5.69753397019862,8451840.0,4.65,Switzerland,32.7,0.0,0.1,0.0,0.0,0.0,0.0,82254.37692697674
15210,2017,54.16824645996094,11.2375609157797,4993842.0,1.14,Costa Rica,48.3,3.1,12.9,0.4,1.0,1.2,4.1,12118.133618061524
15215,2017,80.5202362060547,5.081275914903185,1208523.0,3.4,Cyprus,31.4,0.1,0.1,0.0,0.0,0.0,0.0,18987.295546341113
15216,2017,99.8279190063477,4.88008509505434,10594438.0,6.63,Czechia,24.9,0.1,0.5,0.0,0.0,0.0,0.1,20636.199952434945
15217,2017,96.40823211669922,4.2943042402017,82657002.0,8.0,Germany,31.9,0.5,1.0,0.2,0.3,0.2,0.6,44652.5891722723
15220,2017,92.99291534423828,3.503516533472435,5764980.0,2.61,Denmark,28.7,0.2,0.3,0.1,0.1,0.1,0.2,57610.09818011355
15221,2017,60.04291152954104,13.65801114604545,10647244.0,1.56,Dominican Republic,42.2,5.4,25.5,0.3,1.4,1.0,7.5,7513.497950785546
15229,2017,72.9591369628906,4.876367771990115,101789386.0,1.43,"Egypt, Arab Rep.",31.5,22.0,72.6,0.4,4.5,2.5,26.2,2439.9672843996723
15232,2017,76.56372222900391,3.51921691197879,46593236.0,2.97,Spain,34.7,1.1,2.5,0.5,0.7,0.7,1.2,28185.32136719716
15233,2017,97.8234634399414,4.30487224148642,1317384.0,4.69,Estonia,30.4,0.6,1.3,0.2,0.3,0.3,0.6,20437.76537673617
15239,2017,84.2147979736328,6.47555200695348,66918020.0,5.98,France,31.6,0.0,0.1,0.0,0.0,0.0,0.0,38781.049487083896
15243,2017,99.7478179931641,3.564603198741885,66058859.0,2.54,United Kingdom,32.6,0.5,0.7,0.2,0.3,0.2,0.4,40622.689388323226
15244,2017,97.5211715698242,4.204230964768875,3728004.0,2.89,Georgia,37.9,20.1,53.9,1.6,6.0,6.2,21.0,4356.9285949639
15251,2017,68.78899002075194,3.605176554229605,10754679.0,4.21,Greece,34.4,1.6,5.3,0.4,0.7,0.9,1.8,18582.08934116332
15263,2017,97.19128799438474,4.340645346918355,9787966.0,7.02,Hungary,30.6,1.5,4.0,0.4,0.6,0.6,1.6,14621.239595675546
15268,2017,49.11213378906248,4.896325801599495,264498852.0,1.04,Indonesia,38.8,29.7,65.3,1.0,7.9,6.6,27.4,3839.785074636732
15273,2017,86.1611022949219,3.91101313079722,4807388.0,2.97,Ireland,31.4,0.3,0.5,0.2,0.2,0.2,0.3,69970.94891457669
15274,2017,69.15565490722659,11.10939262387545,84505076.0,1.56,"Iran, Islamic Rep.",40.8,4.3,20.9,0.1,1.0,0.6,6.1,5758.590727670489
15276,2017,99.50323486328124,5.692752293399085,343400.0,3.06,Iceland,26.1,0.0,0.0,0.0,0.0,0.0,0.0,72010.1490316258
15277,2017,89.0065536499023,4.202028134011474,8713300.0,3.02,Israel,38.2,1.2,4.2,0.2,0.4,0.5,1.4,41114.781708255316
15278,2017,79.42567952473956,3.79277342988784,60536709.0,3.18,Italy,35.9,1.8,3.3,1.1,1.3,1.4,1.9,32406.72031501366
15307,2017,99.31238301595052,5.310230584229011,1942248.0,5.57,Latvia,35.6,1.5,4.5,0.3,0.7,0.8,1.6,15695.115154106015
15312,2017,96.69879531860352,6.260091806582166,2755189.0,5.66,Moldova,25.9,0.7,17.5,0.0,0.1,0.0,3.3,3454.954690391128
15319,2017,68.4875717163086,2.71060983750131,2074502.0,4.28,North Macedonia,34.2,9.2,23.1,1.8,3.8,4.5,9.1,5450.4970352975315
15321,2017,80.01862182617188,3.22213226027113,467999.0,4.49,Malta,29.2,0.2,0.3,0.1,0.1,0.2,0.2,28823.34575928602
15322,2017,42.6302795410156,7.400156895221205,52288341.0,1.04,Myanmar,30.7,19.6,68.2,0.3,4.0,2.0,23.5,1175.202554564269
15338,2017,90.03072662353516,5.339079859739515,17131296.0,3.28,Netherlands,28.5,0.3,0.4,0.1,0.1,0.2,0.2,48675.2223350217
15339,2017,99.2403411865234,5.49473591165774,5276968.0,3.6,Norway,27.0,0.3,0.6,0.2,0.2,0.3,0.3,76131.83840327646
15347,2017,69.4722290039063,9.092403399379124,4096063.0,2.26,Panama,49.9,5.3,14.0,0.8,1.9,2.1,5.5,15185.972481380291
15352,2017,85.8963801066081,4.513011186193619,37974826.0,6.62,Poland,29.7,0.6,1.7,0.2,0.3,0.3,0.6,13815.499946253974
15356,2017,55.180721282959,4.623682974238335,10300300.0,3.39,Portugal,33.8,0.7,2.3,0.2,0.3,0.4,0.8,21490.429863104186
15357,2017,49.92271359761555,11.58444538821395,6355404.0,0.8133333333333334,Paraguay,48.5,5.2,21.0,0.2,1.3,1.0,6.7,6136.058354302842
15363,2017,90.5290374755859,3.6442086651736143,19588715.0,6.89,Romania,36.0,6.7,16.3,1.3,2.9,3.3,6.8,10727.971745736104
15376,2017,89.7998199462891,2.740780774010875,7020858.0,5.61,Serbia,36.2,9.0,21.7,3.3,4.8,5.4,9.6,6292.54654900109
15383,2017,99.2805023193359,6.186008198194481,5439232.0,5.82,Slovak Republic,23.2,1.3,2.7,0.1,0.4,0.2,1.1,17585.197002257122
15384,2017,97.7727813720703,7.089452370547745,2066388.0,4.5,Slovenia,24.2,0.0,0.1,0.0,0.0,0.0,0.0,23514.02546041489
15385,2017,91.0670318603516,5.09838660246941,10057698.0,2.21,Sweden,28.8,0.3,0.8,0.1,0.2,0.2,0.3,53791.508729840265
15406,2017,60.8933181762695,5.1799525259012995,82089826.0,2.81,Turkiye,41.4,1.5,10.9,0.0,0.3,0.1,2.8,10464.007789585949
15413,2017,95.734765625,6.4294630186527,325122128.0,2.87,United States,41.2,1.5,2.0,1.0,1.1,1.2,1.4,59907.754260885005
15436,2018,82.8856201171875,18.57111091964325,9140169.0,1.28,United Arab Emirates,26.0,0.0,0.4,0.0,0.0,0.0,0.1,46722.26871931263
15441,2018,93.4390716552734,5.90080858581463,24966643.0,3.83,Australia,34.3,0.7,1.0,0.4,0.5,0.5,0.6,57206.99066968995
15445,2018,86.01964378356932,6.1607616438426405,11427054.0,5.62,Belgium,27.2,0.1,0.2,0.1,0.1,0.1,0.1,47544.98114727488
15456,2018,64.6958389282227,8.790281663914204,11606905.0,1.23,Bolivia,42.6,7.7,19.1,1.3,3.0,3.3,7.8,3471.0069506501086
15457,2018,60.0145111083984,12.00380107681945,210166592.0,2.1166666666666667,Brazil,53.9,10.9,26.7,2.0,4.5,5.3,11.1,9121.020092499572
15465,2018,97.0852584838867,5.69753397019862,8514329.0,4.63,Switzerland,33.1,0.0,0.2,0.0,0.0,0.0,0.1,85216.64295141696
15476,2018,54.5584602355957,11.2375609157797,5040734.0,1.11,Costa Rica,48.0,4.0,13.9,0.6,1.4,1.5,4.8,12383.149946951911
15481,2018,81.7732315063477,5.081275914903185,1218831.0,3.4166666666666665,Cyprus,32.7,0.1,0.2,0.0,0.0,0.0,0.1,21001.518004282792
15482,2018,99.81241798400885,4.88008509505434,10629928.0,6.62,Czechia,25.0,0.0,0.2,0.0,0.0,0.0,0.1,23424.480460185525
15483,2018,96.3322525024414,4.2943042402017,82905782.0,8.063333333333334,Germany,31.8,0.2,0.2,0.0,0.0,0.0,0.1,47939.27828844953
15486,2018,93.8091125488281,3.503516533472435,5793636.0,2.43,Denmark,28.2,0.2,0.3,0.1,0.2,0.2,0.2,61591.92886989586
15487,2018,61.8891830444336,13.65801114604545,10765531.0,1.5266666666666666,Dominican Republic,43.7,4.2,22.2,0.2,0.9,0.8,6.3,7947.159353865703
15498,2018,77.7223587036133,3.51921691197879,46797754.0,2.97,Spain,34.7,1.2,2.7,0.6,0.8,0.8,1.3,30379.721112641644
15499,2018,97.8234634399414,4.30487224148642,1321977.0,4.57,Estonia,30.3,0.5,1.1,0.2,0.3,0.2,0.5,23165.84947864335
15505,2018,84.17492866516116,6.47555200695348,67158348.0,5.91,France,32.4,0.1,0.1,0.0,0.0,0.0,0.1,41557.85485888679
15509,2018,99.77520751953124,3.564603198741885,66460344.0,2.5,United Kingdom,33.7,0.5,0.7,0.3,0.4,0.5,0.5,43306.308304931736
15517,2018,69.21184794108073,3.605176554229605,10732882.0,4.2,Greece,32.9,0.3,3.7,0.1,0.1,0.1,0.8,19756.990456254614
15529,2018,97.37484486897785,4.340645346918355,9775564.0,7.01,Hungary,29.6,0.7,2.8,0.1,0.2,0.2,1.0,16425.20502996932
15534,2018,50.9141387939453,4.896325801599495,267066843.0,1.0033333333333332,Indonesia,38.4,26.4,62.8,0.8,6.7,5.4,25.5,3902.661675426926
15539,2018,86.1611022949219,3.91101313079722,4867316.0,2.97,Ireland,30.6,0.1,0.1,0.0,0.0,0.0,0.1,79250.38785176698
15540,2018,69.8314590454102,11.10939262387545,85617562.0,1.586666666666667,"Iran, Islamic Rep.",42.0,4.6,22.1,0.2,1.1,0.9,6.5,3829.829855069373
15543,2018,89.1813583374023,4.202028134011474,8882800.0,2.98,Israel,38.6,1.0,3.2,0.2,0.4,0.5,1.0,42406.8454263606
15544,2018,80.32632064819336,3.79277342988784,60421760.0,3.14,Italy,35.2,2.1,3.2,1.0,1.3,1.5,2.0,34622.16966647347
15573,2018,99.257568359375,5.310230584229011,1927174.0,5.49,Latvia,35.1,0.9,3.0,0.2,0.4,0.4,1.1,17865.031094763886
15582,2018,63.2359199523926,10.3231836295255,124013861.0,0.98,Mexico,46.7,9.4,31.1,0.7,2.8,2.6,10.7,9857.007487422152
15585,2018,68.4875717163086,2.71060983750131,2076217.0,4.346666666666667,North Macedonia,33.0,7.1,20.8,1.2,2.8,3.4,7.8,6108.739131364544
15587,2018,82.1786727905273,3.22213226027113,484630.0,4.583333333333333,Malta,28.7,0.2,0.3,0.1,0.1,0.1,0.2,31566.35810927409
15591,2018,76.2942504882813,11.4723648975093,3163991.0,7.333333333333333,Mongolia,32.7,6.9,38.3,0.1,1.3,0.7,10.9,4165.022820817506
15597,2018,75.49260711669919,8.809581431653289,32399271.0,1.7866666666666668,Malaysia,41.2,0.2,3.4,0.0,0.0,0.0,0.6,11073.978594300625
15604,2018,90.3683166503906,5.339079859739515,17231624.0,3.17,Netherlands,28.1,0.2,0.4,0.1,0.1,0.1,0.2,53044.532435224384
15605,2018,99.22284126281735,5.49473591165774,5311916.0,3.53,Norway,27.6,0.3,0.5,0.2,0.2,0.3,0.3,82792.84271133052
15612,2018,19.9216003417969,7.16885406587733,219731479.0,0.62,Pakistan,29.6,39.8,84.5,0.6,9.0,4.9,36.3,1620.7425960250964
15613,2018,69.4722290039063,9.092403399379124,4165255.0,2.27,Panama,49.2,4.4,12.5,0.4,1.4,1.4,4.7,16156.074294281883
15618,2018,86.91825485229495,4.513011186193619,37974750.0,6.54,Poland,30.2,0.4,1.4,0.1,0.2,0.2,0.5,15504.50893721452
15622,2018,54.3030204772949,4.623682974238335,10283822.0,3.45,Portugal,33.5,0.7,2.1,0.2,0.3,0.3,0.8,23562.554522818755
15623,2018,50.1185607910156,11.58444538821395,6443328.0,0.8049999999999999,Paraguay,46.0,5.8,19.6,0.3,1.6,1.4,6.6,6242.961502395377
15642,2018,89.93006324768068,2.740780774010875,6982604.0,5.593333333333334,Serbia,35.0,5.9,17.2,1.5,2.7,2.9,6.6,7252.403667671646
15649,2018,99.2685623168945,6.186008198194481,5446771.0,5.7,Slovak Republic,25.0,1.3,3.4,0.1,0.3,0.2,1.3,19486.393684550167
15650,2018,97.91751861572266,7.089452370547745,2073894.0,4.43,Slovenia,24.6,0.0,0.1,0.0,0.0,0.0,0.0,26123.74712779057
15651,2018,90.9111785888672,5.09838660246941,10175214.0,2.14,Sweden,30.0,0.9,1.4,0.6,0.7,0.7,0.9,54589.06038606058
15672,2018,60.533644676208496,5.1799525259012995,82809304.0,2.85,Turkiye,41.9,1.4,10.9,0.0,0.3,0.0,2.6,9400.836337037224
15679,2018,96.0293731689453,6.4294630186527,326838199.0,2.813333333333334,United States,41.4,1.2,1.7,0.9,1.0,1.0,1.2,62823.30943819697
15711,2019,88.4269638061523,6.12096377150522,11488980.0,5.58,Belgium,27.2,0.1,0.2,0.1,0.1,0.1,0.1,46641.711657809654
15722,2019,64.6958389282227,8.7017791007376,11777315.0,1.28,Bolivia,41.6,5.7,15.5,0.6,1.9,1.9,5.8,3472.3808313644236
15723,2019,59.11318333943684,11.5536597805284,211782878.0,2.0999999999999996,Brazil,53.5,10.8,26.2,2.1,4.5,5.4,11.0,8845.323931241694
15742,2019,54.3698705037435,10.8785114228484,5084532.0,1.1,Costa Rica,48.2,3.5,13.7,0.4,1.1,1.1,4.3,12669.341161739583
15747,2019,81.66757202148439,5.3466254345444,1228836.0,3.415,Cyprus,31.2,0.2,0.3,0.2,0.2,0.2,0.2,21113.63456185724
15748,2019,99.8096313476563,4.77548092277927,10671870.0,6.636666666666667,Czechia,25.3,0.0,0.3,0.0,0.0,0.0,0.1,23664.84786311087
15749,2019,96.17529805501304,4.64167927814672,83092962.0,8.030000000000001,Germany,31.7,0.2,0.2,0.0,0.0,0.0,0.1,46793.6867615995
15752,2019,93.80379486083984,3.51602038320691,5814422.0,2.6,Denmark,27.7,0.3,0.4,0.2,0.2,0.3,0.3,59592.98068864541
15753,2019,67.1670379638672,15.48988619393,10881882.0,1.5,Dominican Republic,41.9,3.5,20.2,0.2,0.9,0.8,5.6,8173.344645739138
15761,2019,72.9591369628906,4.76370850328626,105618671.0,1.43,"Egypt, Arab Rep.",31.9,17.6,68.8,0.3,3.4,1.5,23.2,3017.258335789408
15764,2019,78.09643809000653,3.62210162451938,47134837.0,2.97,Spain,34.3,1.1,2.8,0.6,0.7,0.8,1.2,29581.51855132924
15765,2019,97.8234634399414,4.22251355239039,1326898.0,4.673333333333333,Estonia,30.8,0.9,1.4,0.3,0.5,0.6,0.8,23424.484707351356
15771,2019,85.5956573486328,6.35586909299778,67388001.0,5.983333333333333,France,31.2,0.1,0.4,0.0,0.0,0.1,0.1,40494.89829362693
15775,2019,99.77520751953124,3.68614740758269,66836327.0,2.46,United Kingdom,32.8,0.5,0.7,0.2,0.4,0.5,0.5,42747.080460495985
15783,2019,69.23242568969725,3.9092271407784,10721582.0,4.203333333333333,Greece,33.1,1.3,3.9,0.4,0.7,0.7,1.5,19144.28438755568
15795,2019,97.6789627075195,4.13719063874997,9771141.0,7.010000000000001,Hungary,30.0,0.9,2.5,0.1,0.3,0.3,0.9,16786.21363990746
15800,2019,49.82155990600583,4.74791485029487,269582878.0,1.015,Indonesia,37.6,24.7,61.9,0.6,6.0,4.4,24.5,4151.227554541353
15805,2019,86.1611022949219,3.9095342520665,4934340.0,2.966666666666667,Ireland,30.8,0.1,0.2,0.0,0.1,0.1,0.1,80927.07467106523
15806,2019,69.8314590454102,10.6036644428042,86564202.0,1.63,"Iran, Islamic Rep.",40.9,6.0,27.0,0.2,1.4,1.0,8.1,3276.753265080997
15810,2019,82.1943817138672,3.85670624309975,59729081.0,3.1633333333333336,Italy,34.6,1.3,2.6,0.8,0.9,1.0,1.4,33673.75096274141
15839,2019,99.238639831543,4.9656268353408,1913822.0,5.593333333333334,Latvia,34.5,0.8,2.6,0.2,0.3,0.2,0.9,17945.22221649814
15870,2019,90.43338012695308,5.76499055099377,17344874.0,3.286666666666666,Netherlands,29.2,0.1,0.4,0.0,0.1,0.1,0.1,52476.27325333179
15871,2019,99.188232421875,5.59829045075369,5347896.0,3.6033333333333335,Norway,27.7,0.3,0.5,0.1,0.2,0.2,0.2,76430.58894733386
15879,2019,69.4722290039063,8.77274038420363,4232532.0,2.25,Panama,49.8,3.7,12.1,0.4,1.1,1.0,4.3,16472.831754840576
15884,2019,86.91825485229495,4.24088228218582,37965475.0,6.6000000000000005,Poland,28.8,0.2,0.8,0.0,0.1,0.1,0.2,15700.013579673796
15888,2019,57.9531211853027,4.79371579293751,10286263.0,3.41,Portugal,32.8,0.2,1.5,0.1,0.1,0.1,0.4,23330.817288931557
15889,2019,52.6143417358398,11.1075949803312,6530026.0,0.83,Paraguay,45.7,5.1,19.7,0.2,1.3,1.0,6.2,5807.838814141874
15915,2019,99.0162200927734,6.28671780232579,5454147.0,5.766666666666667,Slovak Republic,23.2,0.5,2.0,0.0,0.1,0.1,0.6,19381.59211048492
15916,2019,98.171012878418,7.35694422198643,2088385.0,4.473333333333334,Slovenia,24.4,0.0,0.1,0.0,0.0,0.0,0.0,26016.07868391355
15917,2019,92.0146331787109,5.03745873904773,10278887.0,2.23,Sweden,29.3,0.4,0.9,0.2,0.3,0.3,0.4,51939.429744529145
15938,2019,66.0219192504883,4.66807225367062,83481684.0,2.8033333333333332,Turkiye,41.9,2.2,12.6,0.0,0.5,0.4,3.5,9103.012396974636
15945,2019,96.02512868245442,6.55296093578568,328329953.0,2.8200000000000003,United States,41.5,1.2,1.7,0.8,0.9,1.0,1.1,65120.394662865256
15977,2020,87.46556854248044,6.12096377150522,11538604.0,5.62,Belgium,26.0,0.1,0.3,0.0,0.1,0.1,0.1,45517.903818201834
15988,2020,64.6958389282227,8.7017791007376,11936162.0,1.29,Bolivia,43.6,6.4,17.3,0.8,2.5,3.1,6.6,3068.812555164558
15989,2020,59.568220138549805,11.5536597805284,213196304.0,2.09,Brazil,48.9,5.3,18.7,0.7,1.8,1.9,6.3,6923.700197150651
16008,2020,55.4441909790039,10.8785114228484,5123105.0,1.1166666666666667,Costa Rica,49.2,6.0,19.9,0.9,2.2,2.3,7.0,12179.256674237697
16013,2020,82.9165267944336,5.3466254345444,1237537.0,3.4,Cyprus,31.7,0.1,0.2,0.0,0.0,0.0,0.1,20208.09572501501
16014,2020,99.818775177002,4.77548092277927,10697858.0,6.625,Czechia,26.2,0.0,0.4,0.0,0.0,0.0,0.1,22992.879383334777
16018,2020,95.152702331543,3.51602038320691,5831404.0,2.546666666666667,Denmark,27.5,0.2,0.4,0.1,0.2,0.2,0.2,60915.424399546144
16030,2020,80.7694320678711,3.62210162451938,47365655.0,2.97,Spain,34.9,1.4,3.1,0.5,0.8,0.9,1.4,26959.675436732163
16031,2020,97.8234634399414,4.22251355239039,1329522.0,4.630000000000001,Estonia,30.7,0.5,1.3,0.2,0.3,0.3,0.6,23595.243683643672
16037,2020,84.9052276611328,6.35586909299778,67571107.0,5.945,France,30.7,0.2,0.4,0.1,0.1,0.1,0.2,39055.28292807472
16041,2020,99.8025970458984,3.68614740758269,67081234.0,2.5,United Kingdom,32.6,0.5,0.7,0.3,0.4,0.5,0.6,40318.41692250548
16049,2020,73.6619491577148,3.9092271407784,10698599.0,4.205,Greece,33.6,1.6,3.9,0.5,0.8,0.8,1.6,17658.947301118867
16061,2020,98.1814270019531,4.13719063874997,9750149.0,7.015,Hungary,29.7,0.8,2.5,0.3,0.4,0.4,0.9,16125.609408540731
16066,2020,54.5782318115234,4.74791485029487,271857970.0,1.04,Indonesia,37.6,23.5,60.7,0.5,5.6,3.8,23.7,3895.618152050941
16071,2020,86.1611022949219,3.9095342520665,4985382.0,2.97,Ireland,29.2,0.2,0.2,0.1,0.1,0.1,0.2,85420.19085560826
16076,2020,82.1943817138672,3.85670624309975,59438851.0,3.16,Italy,35.2,1.2,2.2,0.7,0.8,0.8,1.2,31918.693493377257
16114,2020,65.845817565918,10.4962551679616,125998302.0,0.985,Mexico,45.4,9.9,32.5,1.0,3.1,3.1,11.4,8654.997325169588
16136,2020,91.2177810668945,5.76499055099377,17441500.0,3.2249999999999996,Netherlands,26.0,0.1,0.2,0.0,0.0,0.0,0.1,52162.57011503976
16154,2020,60.7458801269531,4.79371579293751,10297081.0,3.42,Portugal,34.7,1.0,2.6,0.2,0.4,0.5,1.0,22242.40641797156
16182,2020,97.97189712524414,7.35694422198643,2102419.0,4.465,Slovenia,24.0,0.0,0.0,0.0,0.0,0.0,0.0,25545.241002713206
16183,2020,91.54083251953124,5.03745873904773,10353442.0,2.175,Sweden,28.9,0.5,0.9,0.3,0.4,0.4,0.5,52837.90397781491
16211,2020,96.4607696533203,6.55296093578568,331511512.0,2.87,United States,39.7,0.5,1.2,0.2,0.3,0.2,0.6,63528.63430275085
16274,2021,55.001325607299805,10.8785114228484,5153957.0,1.105,Costa Rica,48.7,3.7,14.3,0.4,1.2,1.2,4.5,12537.256746175315
