,Country Name,Year,"Educational attainment, at least completed lower secondary, population 25+, total (%) (cumulative)","Educational attainment, Doctoral or equivalent, population 25+, total (%) (cumulative)","Inflation, consumer prices (annual %)",Gini index,GDP (current US$),"Cause of death, by injury (% of total)","Educational attainment, at least Master's or equivalent, population 25+, total (%) (cumulative)","Educational attainment, at least completed short-cycle tertiary, population 25+, total (%) (cumulative)","Population, total","Unemployment, total (% of total labor force) (modeled ILO estimate)","Hospital beds (per 1,000 people)","Life expectancy at birth, total (years)","Physicians (per 1,000 people)",GDP per capita,poverty_pca0,poverty_pca1
0,Ukraine,2002,88.5432205200195,0.0,0.757420846392867,29.0,43956163612.0433,8.50739666915402,16.2831001281738,38.1417083740234,48202470.0,10.14,8.89,68.2756097560976,3.0188,911.9068714122596,1.7043571094573209,-1.7874376475282283
1,Ukraine,2003,88.5432205200195,0.0,5.17967781908312,28.7,52010352502.0057,8.50739666915402,16.2831001281738,38.1417083740234,47812949.0,9.06,8.81,68.2107317073171,3.0096,1087.7880070105214,0.907426147766709,-1.5496004664027792
2,Kyrgyz Republic,2007,95.6928405761719,0.03192999958992,10.2301032660485,33.9,3802570572.37516,10.1500550943121,15.4475898742676,17.6226501464844,5268400.0,2.677,5.06,67.8951219512195,2.358,721.7695263030826,3.885684966116357,-1.8883120364775043
4,Kyrgyz Republic,2008,95.6928405761719,0.03192999958992,24.5201024234101,31.5,5139958956.02388,10.1500550943121,15.4475898742676,17.6226501464844,5318700.0,2.77,5.01,68.4512195121951,2.3528,966.3938473732078,2.3232837269006,-2.0398197550088404
5,"Korea, Rep.",2008,80.41553243001304,0.578840017318726,4.6738965553341,32.3,1047339041903.85,12.7241226603015,3.54324007034302,31.638730367024735,49054708.0,2.96,7.73,79.5170731707317,1.8407,21350.42862560409,-1.0450861938953533,0.3068608166102922
8,Bolivia,2009,46.9324188232422,0.286500006914139,3.34645420142012,49.2,17339992193.7322,9.36407931995113,1.79473996162415,22.7695903778076,10051317.0,2.97,1.1,65.88,0.4124,1725.1462861764485,1.918406744772451,0.5228658001218548
9,Georgia,2009,95.5943069458008,0.234569996595383,1.72751461137912,38.2,10766919442.0789,4.72123913842452,27.3010005950928,30.1727104187012,3814419.0,20.71,3.09,71.95,4.2219,2822.68923316471,4.507717894206278,-1.0932712499521453
10,Kyrgyz Republic,2009,95.6928405761719,0.03192999958992,6.83656248105363,29.9,4690061344.16421,10.1500550943121,15.4475898742676,17.6226501464844,5383300.0,2.788,4.83,69.1024390243903,2.3409,871.2242201185537,1.8322325918071072,-2.1484095150336104
13,Slovak Republic,2009,99.3027725219727,1.06246995925903,1.61510464058236,27.2,89399303222.155,5.30436121699577,16.503719329834,18.90895462036135,5386406.0,12.03,6.54,74.909756097561,3.2953,16597.208458136094,-0.9530966466823596,0.2400949142015585
14,Belgium,2010,79.641487121582,0.53439998626709,2.18929920422458,28.4,481420882905.012,6.22276976538698,12.3793001174927,30.0014400482178,10895586.0,8.29,6.12,80.1829268292683,2.9085,44184.946353964995,-1.1374114635672574,0.3257631983837503
16,United Kingdom,2010,99.8078689575195,0.916410028934479,2.49265472467065,33.7,2491397494467.95,3.34052925512224,8.57874011993408,33.7010917663574,62766365.0,7.79,2.93,80.4024390243902,2.6265,39693.19387012375,-1.0793320262088597,0.3448480005281393
17,Georgia,2010,95.5943069458008,0.234569996595383,7.11017897486098,39.5,12243219360.2985,4.72123913842452,27.3010005950928,30.1727104187012,3786695.0,20.2,2.99,72.128,4.4466,3233.220357144819,4.9445048624115175,-0.8173879312216783
18,Hungary,2010,97.9304733276367,0.502839982509613,4.85555795691951,29.4,132175349953.713,5.51193618971543,7.5486102104187,18.9934902191162,10000023.0,11.17,7.18,74.2073170731707,2.8896,13217.504595110731,-1.0390053637482706,0.1503789629594762
19,Israel,2010,85.1100463867188,1.43874001502991,2.69137006338374,42.5,238364092298.023,5.22801580232753,12.0860500335693,43.2506294250488,7623600.0,8.48,3.16,81.6024390243903,3.5107,31266.605317438352,-0.908651704038736,0.0978365249257185
20,Kyrgyz Republic,2010,95.6928405761719,0.03192999958992,7.96772225579691,30.1,4794361821.20611,10.1500550943121,15.4475898742676,17.6226501464844,5447900.0,2.834,4.76,69.3,2.3394,880.0385141441858,2.4047568125417533,-2.004951021055593
21,"Korea, Rep.",2010,82.9011688232422,0.578840017318726,2.93928652655687,32.0,1144066965324.49,12.7241226603015,3.54324007034302,35.3209915161133,49554112.0,3.32,8.74,80.1170731707317,1.9839,23087.225643847476,-1.0030223571924648,0.3079707757144981
24,Malta,2010,68.1339416503906,0.269030004739761,1.51563513618533,29.0,9035819656.6669,3.47210436141757,4.2361102104187,12.2244396209717,414508.0,6.85,4.52,81.3975609756098,2.153,21798.902932312285,-1.1162296290775642,0.3301256567828095
26,Pakistan,2010,33.3851013183594,0.4762350022792815,12.938870563489,28.8,177165547828.889,7.76796887644358,1.6833649873733552,6.97446012496948,194454498.0,0.65,0.6,64.436,0.8076,911.0899961228412,5.489936779637585,-2.863060709840775
28,Poland,2010,80.9015502929688,0.53396999835968,2.58069370250546,33.2,475696613935.595,6.03720414903758,17.9176807403564,20.3092098236084,38042794.0,9.64,6.61,76.2463414634146,2.1707,12504.250185609264,-0.9711909915553,0.2066066051500557
30,Rwanda,2010,12.1764698028564,0.033610001206398,-0.246128693436925,47.2,6124693374.47064,10.9953026937433,0.241610005497932,3.62481999397278,10309031.0,11.895,1.6,62.54,0.055,594.1095117931685,16.0623299210844,4.589609583441125
31,El Salvador,2010,41.6939582824707,0.0388000011444092,1.17933576873676,43.5,18447920000.0,20.4477010132172,0.263790011405945,6.78207015991211,6114034.0,4.89,1.0,71.848,1.8823,3017.3073947577,2.132753513407621,-0.9319960880338846
32,Slovak Republic,2010,99.29273223876956,1.06246995925903,0.957018132975136,27.3,91162836320.3524,5.30436121699577,16.503719329834,18.566336313883465,5391428.0,14.38,6.46,75.1121951219512,3.351,16908.84795648804,-0.9323864214366336,0.2860441879748751
33,Sweden,2010,87.0703430175781,1.15891003608704,1.15798802715629,27.7,495812558843.31,4.82245509216902,10.3831796646118,28.6425704956055,9378126.0,8.61,2.73,81.4512195121951,3.8033,52869.04428915862,-0.9796846072237512,0.3815019545826943
35,Uruguay,2010,49.4982109069824,0.0611100010573864,6.69870886978135,44.5,41950361211.9581,6.70522188765526,1.40601003170013,9.40847015380859,3352651.0,7.16,1.2,76.858,3.951,12512.59412684413,-0.7716727346156033,-0.0686444071494431
36,Belgium,2011,80.1013717651367,0.51452998816967,3.53208210722744,28.1,523330354138.137,6.22276976538698,12.9355301856995,29.8061504364014,11038264.0,7.14,6.05,80.5853658536585,2.9219,47410.5669277467,-1.126405175109983,0.3271356822506172
37,Bolivia,2011,47.825538635253906,0.286500006914139,9.88446419823887,46.1,23963162969.3832,9.36407931995113,1.79473996162415,22.445650100707997,10396246.0,2.25,1.07,66.534,0.4671,2304.982295473116,0.941794119297528,0.1844684035937767
38,Switzerland,2011,96.054557800293,2.97441005706787,0.231349207650894,31.7,715888126682.396,5.67378141368627,18.1987590789795,31.0276508331299,7912398.0,4.41,5.05,82.6951219512195,3.8355,90476.75896515771,-1.187458748531904,0.3136135068106421
39,Cyprus,2011,77.2228317260742,0.5760349929332735,3.28944939564212,32.6,27641551809.0956,5.72467463654588,9.50104999542236,29.8630294799805,1145086.0,7.86,3.51,79.999,2.2484,24139.2802017452,-1.1858228543196163,0.3110066232044481
40,Czechia,2011,99.8156204223633,0.504239976406097,1.91721913635547,26.4,229562733398.948,5.51107577546436,14.7503499984741,16.5229301452637,10496088.0,6.71,7.06,77.8731707317073,3.6125,21871.26607541286,-1.165173855046237,0.2879466623671609
41,Germany,2011,96.713623046875,1.26112997531891,2.07517283735872,30.7,3749314991050.62,3.86786151573768,10.7488899230957,25.0429401397705,80274983.0,5.82,8.38,80.4365853658537,3.8491,46705.8957963357,-1.1820424765109383,0.3080876526601089
43,United Kingdom,2011,99.8556365966797,0.9003350138664246,3.85611244682819,33.2,2666403005061.42,3.34052925512224,8.68155527114868,33.0590400695801,63258810.0,8.04,2.88,80.9512195121951,2.6603,42150.69814088219,-1.087363088644888,0.341545939057802
44,Georgia,2011,96.1514778137207,0.268075004220009,8.54293333333334,39.6,15107482383.3798,4.72123913842452,27.3614950180054,30.52727031707765,3756441.0,19.63,2.81,72.39,4.5004,4021.7542038806946,4.650144286777004,-0.8045257456338557
46,Hungary,2011,98.2056579589844,0.5810399949550631,3.92992098935075,29.2,141942264554.475,5.51193618971543,8.01420998573303,20.026969909668,9971727.0,11.03,7.19,74.8585365853659,2.9811,14234.471576936974,-1.024901031281764,0.1341134874460218
47,Israel,2011,85.7394104003906,1.423789978027345,3.48494919760705,41.4,266791854430.897,5.22801580232753,12.33315515518185,44.0789909362793,7765800.0,7.14,3.14,81.6560975609756,3.5123,34354.71611822311,-0.8830558620729119,0.1181036235140423
48,Kyrgyz Republic,2011,95.6928405761719,0.03192999958992,16.6363262731496,27.8,6197765941.67975,10.1500550943121,15.4475898742676,17.6226501464844,5514600.0,3.022,4.7,69.6024390243903,2.286,1123.8831359808055,1.8956949993427157,-2.2965887851367706
49,Lithuania,2011,91.6342010498047,0.455710008740425,4.13027562645087,32.5,43535051482.3869,8.97816525897928,13.1971502304077,29.2869892120361,3028115.0,15.39,7.43,73.5634146341464,4.0238,14376.947864393163,-0.7675849245198982,0.2227559774259633
50,Latvia,2011,98.7891616821289,0.526764988899231,4.37073559939221,35.8,27474380566.265,6.54321049783392,10.7552900314331,25.9194793701172,2059709.0,16.21,5.88,73.5756097560976,3.0837,13338.96223508515,-0.5388813495983189,0.0727410682195836
52,Malta,2011,69.7437286376953,0.256980001926422,2.96298528192878,29.1,9638733344.35806,3.47210436141757,4.2263400554657,13.4902200698853,416268.0,6.38,4.38,80.7463414634146,2.2384,23155.11484033858,-1.1113208564829784,0.3259380550651707
53,Niger,2011,8.36524963378906,0.219449996948242,2.94238514013317,31.5,8772950783.02414,8.30701712086658,0.551569998264313,1.70499002933502,17283112.0,0.32,0.35,58.994,0.03568,507.6024956051977,15.94365869673811,3.5723528907151123
55,Norway,2011,99.5988998413086,0.883610010147095,1.28495158809159,25.3,501360549669.404,5.44895932818142,9.68177032470703,32.2336616516113,4953088.0,3.21,4.19,81.2951219512195,4.1921,101221.81347664406,-1.1477365081828088,0.3354766542519222
56,Pakistan,2011,33.2478218078613,0.4895233313242593,11.9160927116277,29.7,213587517187.669,7.76796887644358,1.7491833368937202,7.36818981170654,198602738.0,0.8,0.6,64.648,0.8311,1075.4510201549638,5.415430268394333,-2.793157354141429
58,Poland,2011,81.6829223632813,0.550460010766983,4.23940149625935,33.2,524374222547.901,6.03720414903758,18.33111000061035,21.130859375,38063255.0,9.63,6.63,76.6951219512195,2.1997,13776.389395701995,-0.9911840827768904,0.211991834053141
59,Portugal,2011,45.0074005126953,0.452219992876053,3.65301100430729,36.3,245117990242.249,4.2520392743071,13.5167903900146,14.1166296005249,10557560.0,12.68,3.37,80.4707317073171,4.1178,23217.29549652088,-0.9643774316261988,0.2598681443100201
62,Senegal,2011,10.8460102081299,0.274910002946854,3.40322829786967,40.3,17814283649.9367,10.4673398923678,1.15807998180389,2.98130011558533,12875880.0,10.36,0.3,65.262,0.1898,1383.5391173214334,12.015645077417728,1.7748580148471549
63,El Salvador,2011,38.5569686889648,0.0388000011444092,5.12892376681616,42.3,20283780000.0,20.4477010132172,0.263790011405945,10.2079801559448,6137349.0,4.3,1.03,71.859,1.8823,3304.974183478893,1.9046716083120736,-1.0643941619235076
64,Slovak Republic,2011,99.3099085489909,1.06246995925903,3.91928599146294,26.5,99922685424.8842,5.30436121699577,16.503719329834,20.6499996185303,5398384.0,13.62,6.05,75.9585365853659,3.2999,18509.740215754235,-0.9819262069749004,0.2725562439688725
66,Sweden,2011,87.7039489746094,1.17101001739502,2.96115073822139,27.6,574094112972.733,4.82245509216902,10.5083999633789,29.2780895233154,9449213.0,7.8,2.7,81.8024390243903,3.8821,60755.75955084652,-0.9719511971487746,0.3844551565610059
68,Uruguay,2011,51.2122192382813,0.0611100010573864,8.09283206302989,42.2,50342405198.2458,6.70522188765526,1.51925504207611,10.940710067749,3361637.0,6.31,2.98,76.983,3.951,14975.562560218666,-0.8941372007681805,0.0253348664616193
69,Albania,2012,87.2148971557617,0.0896200016140938,2.03159268395298,29.0,12319834233.2904,5.13416760461897,12.3307304382324,12.8996601104736,2900401.0,13.38,2.88,78.064,1.2683,4247.631356247084,0.0596769243113176,-0.904586979652919
70,Belgium,2012,80.2901916503906,0.5384499927361807,2.83966343445897,27.5,496152879924.727,6.211664640783519,13.137590090433768,30.4177799224854,11106932.0,7.54,5.99,80.3853658536585,2.9393,44670.560684510085,-1.1232828852685404,0.3346253454385933
71,Bolivia,2012,51.923828125,0.286500006914139,4.51560291399368,46.6,27084497481.9103,9.121431773520971,1.79473996162415,24.0322399139404,10569697.0,2.07,1.1,66.705,0.4528,2562.4667842332947,1.2587645144317725,0.4274927641863227
72,Bhutan,2012,9.59809970855713,0.0838999971747398,10.919656944683,38.8,1781280170.44296,9.104610373977104,0.745790004730225,4.54776000976563,721145.0,2.05,1.74,69.326,0.2765,2470.072135899105,0.856441924866368,-1.22878399320354
73,Switzerland,2012,96.2765808105469,2.9372900724411,-0.692552018105236,31.6,686420221557.99,5.6852903582205006,18.60464477539065,32.3196296691895,7996861.0,4.49,4.97,82.6975609756098,3.9102,85836.20767673591,-1.1890946427441915,0.3162203904168361
74,Cyprus,2012,78.7048034667969,0.6257399916648867,2.38905410042319,34.3,25047433099.5891,5.270300515903925,9.91740512847898,34.1045188903809,1156556.0,11.8,3.46,80.109,2.296,21656.91337003059,-1.187458748531904,0.3136135068106421
75,Czechia,2012,99.8166580200195,0.5524599850177765,3.28762306610408,26.1,208857719320.649,5.247882521396885,14.893624782562249,17.3434906005859,10510785.0,6.98,6.93,78.0756097560976,3.6502,19870.80121234037,-1.1555068983979209,0.2886418402313043
76,Germany,2012,96.7308578491211,1.275184988975525,2.00848884782951,31.1,3527143188785.16,3.90739535899718,10.8909149169922,25.6196708679199,80425823.0,5.38,8.34,80.5390243902439,3.9197,43855.85446586179,-1.1820424765109383,0.3080876526601089
78,United Kingdom,2012,99.8083190917969,0.9003350138664246,2.57323479654528,33.1,2706340967030.68,3.39179412251166,8.68155527114868,36.9503593444824,63700215.0,7.88,2.81,80.9048780487805,2.6667,42485.58606953964,-1.0755516484001817,0.3419290299838002
79,Georgia,2012,95.5943069458008,0.234569996595383,-0.943658853270966,39.0,16488819132.8835,4.614172527217335,27.3010005950928,30.1727104187012,3728874.0,19.65,2.53,72.412,4.4868,4421.929819265413,3.8346339512756544,-1.0786806044617536
81,Hungary,2012,98.2855682373047,0.6385466655095421,5.65214517088651,30.8,128814279315.132,5.028018122401085,8.308993180592854,21.0102405548096,9920362.0,11.0,7.0,75.0634146341463,3.1062,12984.836573013365,-0.8840159622320916,0.1136312013505585
82,Indonesia,2012,45.71714210510253,0.0321299992501736,4.27949999641976,40.5,917869913365.243,5.32600158064744,0.5404600203037265,8.320995092391968,250222695.0,4.47,0.83,68.973,0.2007,3668.212083501231,5.363120870916728,-1.821267180963855
83,Israel,2012,86.1581115722656,1.4294999837875366,1.67920719398055,41.6,262282344091.849,4.698293490021564,12.472763379414866,44.6699714660645,7910500.0,6.86,3.1,81.7048780487805,3.4997,33156.22831576373,-0.814333782844741,0.1834263723764345
84,Kyrgyz Republic,2012,95.6928405761719,0.03192999958992,2.76844236540948,27.4,6605142864.372,9.3926006041597,15.4475898742676,17.6226501464844,5607200.0,3.027,4.64,70.0024390243902,2.2623,1177.9752575923812,2.2237474337046677,-2.2070184621965505
85,"Korea, Rep.",2012,82.16247558593754,0.6753550171852115,2.18707104433313,31.6,1278427634342.59,11.5225716233636,3.994189977645875,34.543240229288735,50199853.0,2.81,10.25,80.819512195122,2.0798,25466.760517059483,-1.06035481133018,0.2841463603556831
86,Lithuania,2012,91.415168762207,0.506733347972234,3.08998277055416,35.1,42927454291.478,7.94538957939705,13.60163497924805,29.3347702026367,2987773.0,13.36,7.45,73.8634146341464,4.1384,14367.70942487197,-0.6843578860975839,0.2708293999660712
87,Latvia,2012,98.9310073852539,0.5320499936739603,2.25778924374594,35.2,28169902669.3784,6.09902241547557,11.18135499954225,27.2100105285645,2034319.0,15.05,5.89,73.7780487804878,3.0913,13847.337939319448,-0.5750618184428878,0.1093532271506556
90,Malta,2012,73.2910614013672,0.2643466691176097,2.37582057760382,29.4,9461826174.02344,3.331855686281005,4.29094664255778,13.9905500411987,420028.0,6.2,4.71,80.7463414634146,2.3566,22526.655780146655,-1.1510430968320735,0.3040749076238905
92,Norway,2012,99.48885955810547,0.9156050086021426,0.696864111498241,25.7,512777309840.997,5.420070350371605,9.901975154876714,33.21709251403808,5018573.0,3.12,3.97,81.4512195121951,4.236,102175.91929837366,-1.1406832519918326,0.3309769655961383
94,Poland,2012,82.2974166870117,0.550460010766983,3.56037151702788,33.0,495230574356.743,5.4111721196195,18.33111000061035,21.7925491333008,38063164.0,10.09,6.63,76.7463414634146,2.2242,13010.756918598332,-0.9989196727673127,0.2017725338729427
95,Portugal,2012,47.2301597595215,0.46951499581337,2.77333854051579,36.0,216224240577.957,4.35284471492313,13.7290654182434,15.2353897094727,10514844.0,15.53,3.41,80.3731707317073,4.2361,20563.713601262843,-0.8262566515747213,0.2432613729940502
98,Serbia,2012,86.07316207885742,0.3511499986052512,7.33038589596636,39.9,43309252921.0567,3.29628637409932,1.58804999291897,17.738668441772464,7199077.0,24.0,5.44,74.8365853658537,2.4961,6015.945227569688,1.1139128587398577,0.3090601432100125
99,Slovak Republic,2012,99.3027725219727,0.7572966615358981,3.60610263522886,26.1,94623731085.6106,5.69482990552947,16.129556337992366,17.1679096221924,5407579.0,13.96,5.91,76.109756097561,3.3598,17498.353900259357,-0.9395009035999564,0.2215346420200553
101,Sweden,2012,88.334358215332,1.1827933390935266,0.8883775069237,27.6,552483727282.802,4.990884779030055,10.627693176269531,29.9020690917969,9519374.0,7.98,2.66,81.7048780487805,3.9586,58037.82131921721,-1.0034580762540195,0.3898061540301186
104,Belgium,2013,81.5879364013672,0.53439998626709,1.11309594027537,27.7,521791015247.064,6.211664640783519,12.3793001174927,30.5247802734375,11159407.0,8.43,5.93,80.5878048780488,2.9585,46757.95185596009,-1.1374114635672574,0.3257631983837503
105,Bolivia,2013,51.923828125,0.251570001244545,5.73640023719613,47.6,30659338885.6729,9.121431773520971,1.4216749668121351,25.3266096115112,10743349.0,2.44,1.12,67.021,0.8319000000000001,2853.7971619159816,0.8488792721500444,0.2833773976794462
106,Brazil,2013,55.8442993164063,0.204339995980263,6.204310666401,52.7,2472819362259.0,12.805717052335751,0.764900028705597,12.6315698623657,201721767.0,7.07,2.25,73.918,1.882,12258.564849171682,0.6174476333970425,-0.1825327834680939
107,Switzerland,2013,96.55035146077478,2.9269634087880436,-0.217323155115639,32.5,706234937370.968,5.6852903582205006,18.716999689737964,33.92062218983968,8089346.0,4.75,4.85,82.7975609756098,4.0303,87304.33058135578,-1.187458748531904,0.3136135068106421
108,Cyprus,2013,79.6970520019531,0.535179972648621,-0.399357676464408,37.0,23959708956.2928,5.270300515903925,10.153580029805486,34.2331199645996,1166968.0,15.87,3.41,80.402,2.4076,20531.590374622785,-1.1597322472353373,0.3111814798858683
109,Czechia,2013,99.7996520996094,0.5858866572380067,1.43829787234043,26.5,211685616592.931,5.247882521396885,15.199336369832366,18.2811603546143,10514272.0,6.95,6.7,78.1756097560976,3.6628,20133.169143135256,-1.1705901270672026,0.2934725165176941
110,Germany,2013,96.6717910766602,1.2911833127339667,1.50472330251883,31.5,3733804649549.06,3.90739535899718,11.096793174743668,26.0114803314209,80645605.0,5.23,8.28,80.490243902439,4.0087,46298.92291773445,-1.1820424765109383,0.3080876526601089
111,Dominican Republic,2013,55.2390403747559,0.0,4.830950967408,47.7,62682158700.2885,12.82581644870505,1.19762003421783,10.8585901260376,10157051.0,7.35,1.79,72.713,1.5268,6171.295063920473,1.079766114975126,-0.9145200294030004
112,Spain,2013,71.73098246256511,0.687120020389557,1.40858109183012,36.2,1355579535912.56,3.51312967279382,12.5373201370239,27.86139488220213,46620045.0,26.09,2.96,83.0780487804878,3.7857,29077.18205575649,-0.7527616865370211,0.3938468561483367
114,United Kingdom,2013,99.8322906494141,0.916410028934479,2.29166666666666,32.7,2786315215249.95,3.39179412251166,8.57874011993408,37.8567390441895,64128273.0,7.52,2.76,81.0048780487805,2.6774,43449.09171731399,-1.1042338900250357,0.3544208311488634
115,Georgia,2013,96.7516148885091,0.3164033393065137,-0.512058410947118,38.6,17190068235.7892,4.614172527217335,27.62460009257,31.304360071818035,3717668.0,19.42,2.59,72.628,4.5145,4623.884713693961,3.0032271175486622,-1.1805838100984625
117,Hungary,2013,98.3937377929688,0.502839982509613,1.73319984983107,31.5,135684315697.713,5.028018122401085,7.5486102104187,21.4570903778076,9893082.0,10.18,7.04,75.5658536585366,3.2284,13715.07035903604,-0.943914502652876,0.0768742484732513
118,Indonesia,2013,46.13758468627928,0.036854999139905,6.41251330156414,40.8,912524136718.018,5.32600158064744,0.5431833465894067,8.79502511024475,253275918.0,4.34,0.99,69.264,0.2046666666666666,3602.885516806291,4.82684993045735,-1.962214775818901
119,Israel,2013,88.427131652832,1.43874001502991,1.57025539211264,40.2,297732778479.129,4.698293490021564,12.0860500335693,45.4160499572754,8059500.0,6.21,3.09,82.0560975609756,3.4788,36941.84235735828,-0.9176642510161968,0.2045893193839692
120,Lithuania,2013,92.2894592285156,0.442750006914139,1.04747937065349,35.3,46523420074.4372,7.94538957939705,13.548693339029969,29.8839302062988,2957689.0,11.77,7.31,73.9146341463415,4.2042,15729.652466651229,-0.766093079102128,0.2510177697248501
121,Latvia,2013,98.9774017333984,0.46900999546051,-0.0294547782578977,35.5,30204783461.8488,6.09902241547557,11.321843465169266,29.2403507232666,2012647.0,11.87,5.8,73.9829268292683,3.1408,15007.491856171897,-0.612010713782243,0.2202251604586001
123,Malta,2013,75.6393890380859,0.269030004739761,1.18028436366548,28.8,10550968138.9413,3.331855686281005,4.2361102104187,16.1370391845703,425967.0,6.11,4.78,81.7463414634146,2.4595,24769.449602765704,-1.1820424765109383,0.3080876526601089
126,Norway,2013,99.39506072998049,0.94255667924881,2.12048620353119,26.4,526014468085.106,5.420070350371605,10.097819964090975,34.577552795410156,5079623.0,3.42,3.86,81.7512195121951,4.3063,103553.84013441668,-1.139047357779545,0.3283700819899443
127,Pakistan,2013,35.4273300170898,0.490139991044998,7.6921561189957,29.5,231218467669.571,7.554751711732704,1.73292994499207,7.9913501739502,205337562.0,2.95,0.6,65.15,0.8771,1126.0407760640064,4.6781846064125565,-2.7601364847647205
129,Poland,2013,83.1423492431641,0.53396999835968,0.99198260633235,33.1,515762008468.811,5.4111721196195,17.9176807403564,22.7990798950195,38040196.0,10.33,6.61,77.0,2.234,13558.342561347765,-0.9634227812556342,0.2461753209687871
130,Portugal,2013,49.2851486206055,0.4780266682306927,0.27441666666668,36.2,226433858005.716,4.35284471492313,13.917867024739566,15.8727903366089,10457295.0,16.19,3.39,80.7219512195122,4.3932,21653.195975222658,-0.7940674386700304,0.2526293643609195
133,El Salvador,2013,41.037971496582,0.0388000011444092,0.7576691845229,43.4,21990960000.0,20.07335587747165,0.263790011405945,10.1643600463867,6185642.0,3.69,1.07,71.771,1.5662,3555.1620995848125,1.24209047975409,-0.9400646400228898
134,Serbia,2013,85.7873001098633,0.283309996128082,7.69426362896666,39.5,48394239474.6762,3.29628637409932,0.76172000169754,18.215030670166,7164132.0,22.15,5.5,75.1853658536585,2.4945,6755.073674616297,1.3911227606531087,0.2757935085330152
135,Slovak Republic,2013,99.2826919555664,0.700447499752044,1.40047368963031,28.1,98935222174.8611,5.69482990552947,16.50544476509095,17.8810997009277,5413393.0,14.22,5.8,76.4121951219512,3.3855,18276.009551654777,-0.9450887401208192,0.2219024022045419
137,Sweden,2013,88.9272308349609,1.15891003608704,-0.0442929701486557,28.8,586841821796.891,4.990884779030055,10.3831796646118,30.5116901397705,9600379.0,8.05,2.59,81.9560975609756,4.0365,61126.94319639787,-0.9441898956275184,0.418638643476652
139,Uruguay,2013,52.3144111633301,0.0611100010573864,8.57513504005395,40.5,61337620935.5305,7.051313872168345,1.40601003170013,11.7874202728271,3381180.0,6.44,2.49,77.24,3.9558,18140.891918067213,-0.931952473867314,0.0681869580998287
140,Albania,2014,86.2205581665039,0.0896200016140938,1.62586504402607,34.6,13228147516.1168,4.12681470034922,11.437505245208753,12.451145172119102,2889104.0,18.05,2.8833333333333333,78.407,1.2459250000000002,4578.63320812155,0.4789089337970889,-1.0631859370560317
141,Australia,2014,91.8276672363281,1.13743996620178,2.48792270531403,34.4,1467589901175.46,5.85702495846548,6.36214017868042,39.5234184265137,23475686.0,6.08,3.79,82.3,3.4314,62515.31483150098,-1.0034569862962963,0.3934392031310619
142,Belgium,2014,82.3405303955078,0.49465999007225,0.340002833356965,28.1,535390200131.009,6.20055951618006,13.4917602539063,31.5528507232666,11209057.0,8.52,5.85,81.2878048780488,2.9723,47764.071512082504,-1.1477365081828088,0.3354766542519222
143,Bolivia,2014,51.923828125,0.251570001244545,5.7666007457914,47.8,32996188017.3661,8.87878422709081,1.4216749668121351,25.3266096115112,10916987.0,2.02,1.15,67.163,1.0290333333333332,3022.462884435614,0.6222851978261266,0.1895515194222476
144,Brazil,2014,56.3307189941406,0.21085000038147,6.32904015516142,52.0,2456043766063.5,12.4539423731105,0.78574001789093,13.1573696136475,203459650.0,6.76,2.22,74.306,1.9654333333333336,12071.404654748498,0.4558257008864149,-0.1860336248819147
145,Switzerland,2014,97.0206527709961,2.97441005706787,-0.0132025387515987,32.5,726537808338.0,5.69679930275473,18.1987590789795,35.6050109863281,8188649.0,4.83,4.73,83.1975609756098,4.1171,88724.99094026377,-1.183678370723226,0.3106945362663029
146,Cyprus,2014,78.9592819213867,0.616890013217926,-1.35498885446312,35.6,23225912183.4988,4.81592639526197,9.50104999542236,35.2161903381348,1176995.0,16.09,3.42,80.771,2.4993,19733.22926902731,-1.139047357779545,0.3283700819899443
147,Czechia,2014,99.8154830932617,0.504239976406097,0.343988589646784,25.9,209358834156.329,4.98468926732941,14.7503499984741,18.9672508239746,10525347.0,6.11,6.68,78.8243902439024,3.9345,19890.919905664778,-1.165173855046237,0.2879466623671609
148,Germany,2014,96.7991485595703,1.26112997531891,0.90679400043421,30.9,3889093051023.45,3.94692920225668,10.7488899230957,24.8727207183838,80982500.0,4.98,8.23,81.090243902439,4.0846,48023.86998454543,-1.1754967197463422,0.3049262164372195
149,Dominican Republic,2014,56.3503684997559,0.0,2.99864226125217,44.3,67179956264.9383,11.8261360981609,1.19762003421783,11.7863502502441,10282115.0,6.72,1.79,72.867,1.5268,6533.6709679806445,0.7841345494053742,-0.65210326069369
150,Spain,2014,73.7143478393555,0.687120020389557,-0.151114837527181,36.1,1371820537888.6,3.4163321994382,12.5373201370239,28.9789295196533,46480882.0,24.44,2.97,83.2292682926829,3.7767,29513.651180040004,-0.8479706397462162,0.3438652978171274
152,United Kingdom,2014,99.8598480224609,0.88425999879837,1.45112016293279,33.1,3065223279583.79,3.44305898990108,8.78437042236328,38.9803009033203,64602298.0,6.11,2.73,81.3048780487805,2.7149,47447.58893226662,-1.0826038146334347,0.3500617677405274
153,Georgia,2014,96.7086486816406,0.301580011844635,3.06881210379542,37.6,17627336228.0536,4.50710591601015,27.421989440918,30.8818302154541,3719414.0,17.44,2.89,73.099,4.7754,4739.277807755093,2.436656896187588,-1.2544632261890452
155,Guatemala,2014,24.8188199996948,0.0415299981832504,3.41836169662962,48.3,57852150564.52,15.2702954374445,0.363940000534058,8.53061008453369,15306316.0,2.72,0.62,71.964,0.28,3779.6260422507935,3.174187475836013,-0.8087911606724013
156,Hungary,2014,96.6406173706055,0.659240007400513,-0.227566270988384,30.9,141033843265.669,4.54410005508674,8.47980976104736,20.8776302337646,9866468.0,7.73,6.98,75.7634146341463,3.3443,14294.258418075142,-0.8252451350627027,0.2840455878596479
157,Indonesia,2014,47.2939186096191,0.036854999139905,6.39492540819922,40.2,890814755511.291,5.04473675290412,0.564450025558472,8.65480041503906,256229761.0,4.05,0.94,69.533,0.2837333333333333,3476.6248543286547,4.370014809926227,-2.0434933516693072
158,Israel,2014,88.8317489624023,1.40883994102478,0.479786761439352,39.8,314330061977.263,4.1685711777156,12.5802602767944,46.790470123291,8215700.0,5.89,3.08,82.1536585365854,3.4612,38259.68109561729,-0.9062108116147376,0.1936072323424977
159,"Korea, Rep.",2014,85.7208404541016,0.771870017051697,1.27477446401322,31.2,1484318219633.63,10.3210205864257,4.44513988494873,40.3022689819336,50746659.0,3.08,11.59,81.7219512195122,2.207,29249.57522097425,-1.085764174572736,0.2950574434093015
160,Lithuania,2014,93.0639724731445,0.468670010566711,0.103758009433715,37.7,48533659592.1728,6.91261389981482,13.1971502304077,29.501896540323862,2932367.0,10.7,7.26,74.5170731707317,4.2507,16551.01820207798,-0.6206353683399912,0.3072401146340117
161,Latvia,2014,99.4220123291016,0.584519982337952,0.620490636732377,35.1,31386896487.0402,5.65483433311722,10.7552900314331,28.7276401519775,1993782.0,10.85,5.66,74.1243902439024,3.1724,15742.391338190531,-0.7421489230621136,0.1898787481083125
164,Malta,2014,76.8865127563477,0.244929999113083,0.310306472181729,29.0,11625843213.6076,3.19160701114444,4.2165699005127,16.4621200561523,434558.0,5.73,4.59,82.0463414634146,2.6592,26753.2601254783,-1.187458748531904,0.3136135068106421
166,Niger,2014,8.36524963378906,0.219449996948242,-0.930287259984461,34.3,10862943546.2851,9.70836117250725,0.551569998264313,1.70499002933502,19372014.0,0.52,0.35,60.786,0.0272,560.7544753108841,14.74114013055832,3.027535021048905
168,Norway,2014,99.2095336914063,0.883610010147095,2.0417028670721,26.8,501736471832.848,5.39118137256179,9.68177032470703,35.7232704162598,5137232.0,3.48,3.84,82.1,4.4249,97666.6951838749,-1.1423202361618432,0.329950800101389
169,Poland,2014,83.8526306152344,0.566950023174286,0.0538213132400467,32.8,539080532037.142,4.78514009020142,18.7445392608643,23.8849296569824,38011735.0,8.99,6.63,77.6024390243903,2.302,14181.950180309896,-0.9585129187033252,0.2456207683520917
170,Portugal,2014,51.444938659668,0.452219992876053,-0.278153367467421,35.6,229901964221.881,4.45365015553916,13.5167903900146,17.4849891662598,10401062.0,13.9,3.32,81.1219512195122,4.5567,22103.70097033178,-0.9014482677301152,0.213022208328053
173,El Salvador,2014,41.088710021972645,0.0388000011444092,1.1413446753823,41.6,22593470000.0,19.6990107417261,0.263790011405945,9.606915950775138,6209526.0,4.15,1.35,71.746,1.5662,3638.517658191623,1.170859180384304,-0.9638428881969436
174,Serbia,2014,86.7260437011719,0.409209996461868,2.08244793880151,40.5,47062202241.4378,3.10717491859178,1.49623000621796,18.9766292572021,7130576.0,19.22,5.52,75.3365853658537,2.4611,6600.056186405951,1.7504545652096375,0.5833838620347871
175,Slovak Republic,2014,99.3442611694336,0.548160016536713,-0.0761653295419824,26.1,101437045019.899,6.08529859406317,15.3560495376587,18.294059753418,5418649.0,13.18,5.79,76.8121951219512,3.4214,18719.98814093679,-0.8045895960429847,0.2827839216280207
177,Sweden,2014,89.4749069213867,1.183109998703,-0.17963849411465,28.4,581964017237.095,5.15931446589109,10.633620262146,31.0949001312256,9696110.0,7.95,2.54,82.2536585365854,4.1115,60020.36045765724,-1.0133093317101574,0.3651988927259196
179,Uruguay,2014,53.3844795227051,0.0611100010573864,8.87735333229825,40.1,61496186973.902,7.39740585668143,1.63250005245209,12.1393804550171,3391662.0,6.55,2.42,77.366,4.4478,18131.57884656608,-0.971107078775406,0.1103617437353145
180,Albania,2015,87.2148971557617,0.0896200016140938,1.89617402592367,32.8,11386853143.152,4.12681470034922,12.3307304382324,12.8996601104736,2880703.0,17.19,2.885,78.644,1.2540000000000002,3952.8035841084625,-0.3200132150748202,-0.595085165667647
181,Belgium,2015,84.3579177856445,0.586290001869202,0.561429152790106,27.7,462335574841.484,6.20055951618006,13.5417098999023,32.0645713806152,11274196.0,8.48,5.83,80.9926829268293,3.0138,41008.29671947197,-1.1460995240127982,0.3365028197466715
182,Bolivia,2015,51.923828125,0.216639995574951,4.05961041135646,46.7,33000198248.9146,8.87878422709081,1.04860997200012,26.620979309082,11090085.0,3.11,1.13,67.318,1.31,2975.648811430625,0.6827736520722508,0.253848062708515
183,Brazil,2015,57.5709915161133,0.2264400025208793,9.02990102416129,51.9,1802211999555.59,12.4539423731105,0.843143343925476,13.5562496185303,205188205.0,8.56,2.15,74.332,2.0236,8783.214413107176,0.6127729536999953,-0.1549046711070781
184,Switzerland,2015,97.0939331054688,2.90017008781433,-1.14390867228178,32.3,694118186379.628,5.69679930275473,19.0105304718018,36.949291229248,8282396.0,4.8,4.73,82.8975609756098,4.1898,83806.44760038376,-1.187458748531904,0.3136135068106421
185,Costa Rica,2015,53.0643005371094,0.314749985933304,0.801982005099592,48.4,56441920823.7632,11.596610408711,2.70746994018555,21.9095706939697,4895242.0,8.42,1.16,79.086,2.7318,11529.955173567148,-0.3005384873095245,-0.0132384490299383
186,Cyprus,2015,78.6391830444336,0.725149989128113,-2.09699769053118,34.0,19909269064.8473,4.81592639526197,10.3337602615356,34.8284301757813,1187280.0,14.91,3.42,80.966,2.6236,16768.806907256334,-1.180405492340928,0.3091138181548581
187,Czechia,2015,99.8076629638672,0.600679993629456,0.309364548494974,25.9,188033050459.881,4.98468926732941,15.0368995666504,19.5305309295654,10546059.0,5.05,6.67,78.5780487804878,3.9516,17829.698322366774,-1.178770688086363,0.3028738854477208
188,Germany,2015,96.7161178588867,1.28924000263214,0.514426137125476,31.4,3357585719351.56,3.94692920225668,11.0329399108887,25.4261207580566,81686611.0,4.62,8.13,80.6414634146341,4.1342,41103.256436376825,-1.1820424765109383,0.3080876526601089
189,Dominican Republic,2015,56.611328125,0.0,0.836746346724583,45.2,71164826719.5026,11.8261360981609,1.19762003421783,12.380350112915,10405832.0,7.61,1.58,72.953,1.41,6838.9367346601975,0.4498077676662604,-0.5636438220041649
190,Spain,2015,74.8149490356445,0.673649996519089,-0.500365709903282,36.2,1196156971279.69,3.4163321994382,12.73080015182495,29.2910804748535,46444832.0,22.06,2.98,82.8317073170732,3.8267,25754.36102944005,-0.8115212777794194,0.3673091633698523
192,United Kingdom,2015,99.812068939209,0.9338966608047498,0.368046842325369,33.3,2934857946213.47,3.44305898990108,9.784510294596354,39.47039222717285,65116219.0,5.3,2.61,80.9560975609756,2.7465,45071.07432348721,-1.087363088644888,0.341545939057802
193,Georgia,2015,96.94400405883788,0.365302510559559,4.00357820695098,36.5,14953675992.6704,4.50710591601015,27.505209922790527,31.99420976638795,3725276.0,16.51,2.67,73.297,5.0055,4014.1122409911104,2.1137841747407156,-1.360101494932747
195,Hungary,2015,96.7666091918945,0.7535600066185,-0.0616446800641176,30.4,125174166987.372,4.54410005508674,8.8985595703125,21.6743507385254,9843028.0,6.81,6.99,75.5682926829269,3.1178,12717.03859700206,-0.8954643602681464,0.2715342872542858
196,Indonesia,2015,48.8020706176758,0.0321299992501736,6.36312113115614,40.4,860854232717.853,5.04473675290412,0.516470015048981,9.24635982513428,259091970.0,4.51,0.98,69.699,0.2738,3322.5816790765575,3.9234361200001384,-1.977005658090454
197,Israel,2015,89.1813583374023,1.44091999530792,-0.601291007162425,39.7,303414276832.04,4.1685711777156,12.7519798278809,47.0739784240723,8380100.0,5.25,3.03,82.0512195121951,3.4627,36206.52221716208,-0.9383154302050224,0.2203831820193696
198,Lithuania,2015,93.7850036621094,0.608780026435852,-0.884097405500613,37.4,41435533340.3883,6.91261389981482,14.0061197280884,29.609350204467752,2904910.0,9.12,6.97,74.3219512195122,4.2993,14263.964577349489,-0.8134304249448272,0.2953278260884761
199,Latvia,2015,99.276496887207,0.542620003223419,0.174242243625214,34.2,27263090547.0617,5.65483433311722,11.6074199676514,29.773509979248,1977527.0,9.87,5.69,74.4804878048781,3.1656,13786.456795311366,-0.8285484538387982,0.2635429885344461
201,Malta,2015,77.5713577270508,0.279080003499985,1.1005482637893,29.4,11091467513.7109,3.19160701114444,4.42015981674194,16.4424896240234,445053.0,5.38,4.59,81.8975609756097,2.8598,24921.677898387155,-1.1477365081828088,0.3354766542519222
204,Norway,2015,99.2287826538086,0.94760000705719,2.17113665389528,27.5,388159512245.53,5.39118137256179,10.1221799850464,36.518871307373,5188607.0,4.3,3.76,82.3048780487805,4.4432,74809.96580498967,-1.1329498419168562,0.3339301675744499
205,Pakistan,2015,33.56973139444988,0.414401663156847,2.52932817254226,31.3,270556104886.456,7.34153454702183,1.735900004704795,7.477379997571312,210969298.0,3.57,0.6,65.697,0.9262,1282.443025839978,4.012363824160369,-2.8080284687949875
206,Philippines,2015,64.73472023010255,0.0468900017440319,0.674192536845387,44.6,306445871631.969,7.05717713067493,0.4267800003290175,26.5856800079346,103031365.0,3.07,1.01,71.268,0.6004,2974.296920476294,2.8308432686599603,-1.5101237377026695
207,Poland,2015,83.6550807952881,0.5129033426443738,-0.874125874125849,31.8,477111287969.227,4.78514009020142,18.643326441446938,23.37748956680298,37986412.0,7.5,6.63,77.4512195121951,2.3252,12560.051419682042,-0.97538263012575,0.2621287095440964
208,Portugal,2015,52.7052001953125,0.486809998750687,0.487938623904736,35.5,199394066525.44,4.45365015553916,13.9413404464722,18.1825294494629,10358076.0,12.45,3.37,81.1243902439025,4.7487,19250.106537685184,-0.9253342552033804,0.277911450218148
211,El Salvador,2015,41.72164535522461,0.0388000011444092,-0.731384487387986,40.6,23438240000.0,19.6990107417261,0.263790011405945,9.456649899482723,6231066.0,4.0,1.02,71.814,2.21805,3761.513680002747,0.8047536113920379,-0.97037639321863
212,Serbia,2015,88.642448425293,0.365209996700287,1.39235822000187,40.5,39655949731.3816,3.10717491859178,1.86972999572754,19.9578895568848,7095383.0,17.66,5.58,75.2878048780488,2.4603,5588.979443587697,1.596023743122917,0.5475589611917524
213,Slovak Republic,2015,99.2700729370117,0.661260008811951,-0.325219777427739,26.5,88900883130.8374,6.08529859406317,16.5289001464844,19.204460144043,5423801.0,11.48,5.75,76.5634146341463,3.4438,16390.8821748507,-0.8979075861833119,0.2678644655994618
215,Sweden,2015,90.019401550293,1.20635998249054,-0.0467847449832651,29.2,505103781349.757,5.15931446589109,10.8662796020508,31.6511001586914,9799186.0,7.43,2.44,82.2048780487805,4.1899,51545.48360953216,-0.995907875029142,0.3724803216693179
217,Uruguay,2015,54.103141784668,0.0611100010573864,8.66626987079339,40.1,57680328702.241,7.39740585668143,1.70333003997803,12.4214000701904,3402818.0,7.49,2.43,77.483,4.4478,16950.75337624316,-0.9858926550836355,0.1155412795137301
218,United States,2015,95.3349685668945,1.70131003856659,0.118627135552435,41.2,18206020741000.0,6.30596510151972,11.9948501586914,42.3375091552734,320738994.0,5.28,2.8,78.690243902439,2.61,56762.72945159889,-0.7700067685388055,0.5032064941314061
219,Belgium,2016,84.7895202636719,0.623889982700348,1.97385264653172,27.6,476062757356.94,6.1607616438426405,13.6618700027466,32.5408706665039,11331422.0,7.83,5.76,81.4390243902439,3.0679,42012.622719102685,-1.1477365081828088,0.3354766542519222
221,Belarus,2016,98.1666870117188,0.302630007266998,11.8365807653497,25.3,47723549319.0842,6.05894259154195,0.916729986667633,60.6895790100098,9469379.0,5.84,10.94,73.8268292682927,4.3954,5039.776031678973,-1.0803276081272408,0.1713712620657532
222,Brazil,2016,58.2031097412109,0.204339995980263,8.73914352329393,53.3,1795693265824.27,12.00380107681945,0.764900028705597,15.3451795578003,206859578.0,11.74,2.11,74.442,2.119266666666667,8680.73542054828,0.8907867638672342,-0.0934267638620455
223,Switzerland,2016,96.8901824951172,2.90631008148193,-0.434618664285843,33.0,687895460902.713,5.69753397019862,18.9417095184326,36.6171913146973,8373338.0,4.92,4.69,83.6024390243903,4.2473,82153.07454478883,-1.180405492340928,0.3091138181548581
224,Costa Rica,2016,53.1069602966309,0.314749985933304,-0.0174788505908107,48.7,58847019584.9144,11.2375609157797,2.64896011352539,21.4458408355713,4945205.0,8.09,1.15,79.459,2.8443,11899.813978371856,-0.3768862264237779,-0.0238758853595467
225,Cyprus,2016,80.3129577636719,0.718360006809235,-1.42916666666668,32.9,21046452117.3765,5.081275914903185,10.6259298324585,36.4958114624023,1197881.0,12.95,3.43,81.056,1.9509,17569.735322103363,-1.180405492340928,0.3091138181548581
226,Czechia,2016,99.8044586181641,0.652740001678467,0.683504209385683,25.4,196272068576.338,4.88008509505434,15.8107595443726,20.2412490844727,10566332.0,3.95,6.66,79.0268292682927,4.0194,18575.23202719146,-1.1668097492585243,0.290553545973355
227,Germany,2016,96.5136413574219,1.32317996025085,0.491747008445241,31.4,3469853463945.63,4.2943042402017,11.5085496902466,26.1768093109131,82348669.0,4.12,8.06,80.990243902439,4.1944,42136.12079080027,-1.1754967197463422,0.3049262164372195
228,Dominican Republic,2016,67.1670379638672,0.0,1.61416607245221,45.7,75704647977.2591,13.65801114604545,1.19762003421783,21.9709796905518,10527592.0,7.28,1.44,72.987,1.4308999999999998,7191.0697125476645,0.3109907499080329,-0.5210359037861357
229,Spain,2016,75.7975234985352,0.687120020389557,-0.202598000426425,35.8,1233554967011.71,3.51921691197879,12.5373201370239,29.791259765625,46484062.0,19.64,2.97,83.3292682926829,3.8112,26537.1594894549,-0.7576693691738839,0.4016675069669189
231,United Kingdom,2016,99.81331888834636,0.9338966608047498,1.00841736811403,33.1,2699659680997.2,3.564603198741885,9.784510294596354,40.310403188069664,65611593.0,4.81,2.57,81.1560975609756,2.7563,41146.077355524656,-1.0793320262088597,0.3448480005281393
232,Georgia,2016,97.9518890380859,0.413060009479523,2.13492713939124,36.6,15141598622.5692,4.204230964768875,28.1508102416992,32.8585395812988,3727505.0,16.6,2.74,73.569,5.9973,4062.1269783861326,2.1116024985366177,-1.3493111530026918
234,Hungary,2016,97.1764984130859,0.710449993610382,0.394769306686402,30.3,128609822750.039,4.340645346918355,8.65262031555176,21.3962898254395,9814023.0,5.11,7.0,76.0634146341464,3.2313,13104.699545745818,-0.7151203114289522,0.437937556306036
235,Indonesia,2016,43.9723091125488,0.0415799990296364,3.5258051568793,39.3,931877364033.902,4.896325801599495,0.548629999160767,9.39820003509521,261850182.0,4.3,0.99,69.798,0.384925,3558.8188517428716,3.538613854774388,-1.8670032915261228
236,Israel,2016,88.8134129842122,1.4294999837875366,-0.551552352993539,39.0,322102790386.835,4.202028134011474,12.472763379414866,46.42683283487957,8546000.0,4.8,2.99,82.4073170731707,3.4641,37690.47395118594,-0.994008720257281,0.2048510303571906
237,"Korea, Rep.",2016,85.7208404541016,0.771870017051697,0.97168573991219,31.4,1500111596236.37,9.790908896375036,4.44513988494873,40.3022689819336,51217803.0,3.65,11.98,82.2756097560976,2.3037,29288.8704389833,-1.102483297454305,0.3024950033018854
238,Lithuania,2016,95.1781692504883,0.58772999048233,0.905525075460439,38.4,43047309305.7375,6.172004891324326,13.4428100585938,29.8839302062988,2868231.0,7.86,6.69,74.6707317073171,4.4338,15008.313244553005,-0.6792744750855707,0.3570949258406317
239,Latvia,2016,99.238639831543,0.412400007247925,0.140633334505292,34.3,28083597512.4849,5.310230584229011,11.6028203964233,31.3902797698975,1959537.0,9.64,5.72,74.580487804878,3.1885,14331.751588505296,-0.873686966208859,0.2472056952436991
242,Malta,2016,78.2185134887695,0.239959999918938,0.642702771527276,29.1,11667976402.763,3.22213226027113,4.52152013778687,16.7845191955566,455356.0,4.69,4.67,82.4536585365854,2.6595,25623.855626725024,-1.1406832519918326,0.3309769655961383
244,Norway,2016,99.2340087890625,0.996460020542145,3.55000000000002,28.5,370956547619.048,5.49473591165774,10.4895095825195,37.232780456543,5234519.0,4.68,3.68,82.4073170731707,4.5679,70867.36099707498,-1.0845384511644975,0.3486867427537523
246,Poland,2016,85.3279266357422,0.437790006399155,-0.664767331434023,31.2,470024559638.496,4.513011186193619,19.2677593231201,25.0333995819092,37970087.0,6.16,6.64,77.8512195121951,2.4146,12378.811764073544,-1.0564271148538156,0.2612578612090931
247,Portugal,2016,54.1912498474121,0.495050013065338,0.607397074641661,35.2,206426152308.937,4.623682974238335,14.2954702377319,19.0035095214844,10325452.0,11.07,3.39,81.1243902439025,4.9397,19991.97248788111,-0.9866876609017998,0.2567743170842605
250,El Salvador,2016,43.2466316223145,0.0388000011444092,0.604049086996682,40.0,24191430000.0,19.39624711220275,0.263790011405945,8.49256992340088,6250510.0,4.42,1.06,72.025,1.5662,3870.3129824606312,0.8504535646415156,-0.8869568617194661
251,Serbia,2016,89.4902420043945,0.482039988040924,1.12231397417765,38.8,40692661657.284,2.740780774010875,2.18066000938416,20.6914501190186,7058322.0,15.26,5.59,75.6878048780488,2.471966666666667,5765.203352480094,1.5096706569211238,0.6729596558313714
252,Slovak Republic,2016,99.3035583496094,0.529900014400482,-0.520010196278324,25.2,89952699524.8965,6.186008198194481,17.6331100463867,19.8435497283936,5430798.0,9.67,5.78,77.1658536585366,3.4664,16563.440497123353,-0.5858289283966872,0.5033554968578038
254,Sweden,2016,90.5436477661133,1.22180998325348,0.984269244577978,29.6,515654671469.547,5.09838660246941,11.1166000366211,32.2315711975098,9923085.0,6.99,2.34,82.3073170731707,4.2707,51965.157153198525,-1.0661823441129177,0.3422753483559178
256,Uruguay,2016,54.9455986022949,0.0611100010573864,9.63941347635073,39.7,57480788380.312,7.36654776711789,1.71984994411469,12.2462196350098,3413766.0,7.84,2.48,77.571,3.9558,16837.940380304917,-1.0113009283684684,0.1300854116682919
257,United States,2016,95.5852432250977,1.85371994972229,1.26158320570537,41.1,18695110842000.0,6.4294630186527,12.6140098571777,43.5118789672852,323071755.0,4.87,2.77,78.5390243902439,2.61,57866.74493410914,-0.7892539664974361,0.500219060719122
258,Vietnam,2016,65.3397903442383,0.0741100013256073,2.66824816969083,35.3,257096001174.075,9.08270095881439,0.714969992637634,13.5181303024292,93126529.0,1.85,2.89,73.938,0.8281,2760.7171010751945,0.0157702034341636,-0.5631425725411662
259,Belgium,2017,86.5041732788086,0.648150026798248,2.12597086002609,27.4,502764720556.358,6.1607616438426405,14.9169998168945,35.124080657959,11375158.0,7.09,5.66,81.4926829268293,3.0709,44198.48239086947,-1.1310162953435166,0.3316721434602817
260,Belarus,2017,98.1666870117188,0.302630007266998,6.03183725177787,25.4,54725311690.0478,6.05894259154195,0.916729986667633,60.6895790100098,9458989.0,5.65,10.83,74.1292682926829,4.4484,5785.534975254523,-1.1091549885043357,0.2110986900349538
261,Bolivia,2017,64.6958389282227,0.1736800000071526,2.8227580554717,44.6,37508642170.767,8.790281663914204,1.1205099821090685,29.7335065205892,11435533.0,3.65,1.29,67.701,1.0299,3280.008213938694,0.7482551368776066,0.2425547425997135
262,Brazil,2017,59.1219291687012,0.217360004782677,3.44637335032672,53.3,2063514688761.67,12.00380107681945,0.806580007076263,15.734580039978,208504960.0,12.93,2.09,74.827,2.1652,9896.717510996716,1.0275901244507968,0.0065176671495137
263,Switzerland,2017,97.05616912841798,2.935694026947022,0.533787839825886,32.7,695200833086.499,5.69753397019862,19.25070991516114,37.56326065063476,8451840.0,4.8,4.65,83.5512195121951,4.2957,82254.37692697674,-1.187458748531904,0.3136135068106421
264,Costa Rica,2017,54.16824645996094,0.2682649940252305,1.62590692991729,48.3,60516044623.4876,11.2375609157797,2.675760030746462,22.27483024597168,4993842.0,7.73,1.14,79.377,2.9533,12118.133618061524,-0.5070542849001957,0.0018518181809934
265,Cyprus,2017,80.5202362060547,0.7731180071830746,0.5317664961745,31.4,22946583375.5508,5.081275914903185,11.21893596649169,36.5925880432129,1208523.0,11.05,3.4,81.328,2.8185,18987.295546341113,-1.184185870149606,0.3120327886991973
266,Czechia,2017,99.8279190063477,0.675140023231506,2.45053398460138,24.9,218628940951.675,4.88008509505434,16.1765995025635,20.8569507598877,10594438.0,2.89,6.63,78.9780487804878,4.0676,20636.199952434945,-1.1738619154917775,0.2986862837300821
267,Germany,2017,96.40823211669922,1.327301979064942,1.50949485109622,31.9,3690849152517.69,4.2943042402017,11.39379386901856,26.22350807189942,82657002.0,3.75,8.0,80.9926829268293,4.2488,44652.5891722723,-1.0668635879546409,0.331189408620879
268,Dominican Republic,2017,60.04291152954104,0.0,3.27955694678546,42.2,79998045975.5137,13.65801114604545,1.19762003421783,15.3792266845703,10647244.0,5.83,1.56,73.063,1.4308999999999998,7513.497950785546,-0.0924619652801402,-0.4828434128124838
269,Spain,2017,76.56372222900391,0.7430633306503296,1.95607633363964,34.7,1313245330197.66,3.51921691197879,13.2181167602539,30.52199783325197,46593236.0,17.22,2.97,83.2829268292683,3.8723,28185.32136719716,-0.8915879562624325,0.3742400651609703
270,Estonia,2017,97.8234634399414,0.931609988212585,3.41723549488057,30.4,26924385103.0662,4.30487224148642,21.2413291931152,38.7834014892578,1317384.0,5.81,4.69,78.0926829268293,3.4629,20437.76537673617,-1.052585511072791,0.3273481252753578
272,United Kingdom,2017,99.7478179931641,1.0010199546814,2.55775577557754,32.6,2683488510504.04,3.564603198741885,11.9904203414917,44.0941696166992,66058859.0,4.33,2.54,81.2560975609756,2.7828,40622.689388323226,-1.0793320262088597,0.3448480005281393
273,Georgia,2017,97.5211715698242,0.512000024318695,6.03531725272117,37.9,16242647229.7398,4.204230964768875,27.1470394134521,34.0637588500977,3728004.0,13.94,2.89,73.57,6.1297,4356.9285949639,2.2485878409487676,-1.1133177335000155
275,Hungary,2017,97.19128799438474,0.7031950056552887,2.34824281150159,30.6,143112196040.326,4.340645346918355,9.44973230361938,22.236737728118896,9787966.0,4.16,7.02,75.8170731707317,3.3447,14621.239595675546,-0.8682337140477578,0.2855614531354725
276,Indonesia,2017,49.11213378906248,0.0420624995604157,3.80879806953163,38.8,1015618744168.15,4.896325801599495,0.572444009780884,9.66431617736816,264498852.0,3.78,1.04,69.936,0.3767,3839.785074636732,3.0765888307319065,-1.800372745395755
277,Israel,2017,89.0065536499023,1.42487996816635,0.259414974505786,38.2,358245427458.541,4.202028134011474,12.66612005233765,46.932224273681655,8713300.0,4.22,3.02,82.5512195121951,3.4789,41114.781708255316,-0.935038191991832,0.2333346603116983
278,Italy,2017,79.42567952473956,0.401259988546371,1.22653316645808,35.9,1961796197354.37,3.79277342988784,12.964750289917,14.922193527221664,60536709.0,11.21,3.18,82.9463414634147,3.9805,32406.72031501366,-0.6466473189633467,0.5169068811621492
279,Latvia,2017,99.31238301595052,0.6616524904966365,2.93036312374664,35.6,30483806017.8321,5.310230584229011,13.12018394470216,31.388455963134767,1942248.0,8.72,5.57,74.6292682926829,3.1905,15695.115154106015,-0.8550967662597406,0.2642348114892417
282,Malta,2017,80.01862182617188,0.3928360015153885,1.3643544815071,29.2,13489296992.0001,3.22213226027113,5.855229854583742,19.42870368957516,467999.0,4.0,4.49,82.3463414634146,2.7595,28823.34575928602,-1.1345857361291438,0.3365370511806439
283,Myanmar,2017,42.6302795410156,0.0476099997758865,4.57253655317505,30.7,61449391917.1276,7.400156895221205,0.260670006275177,9.35006999969482,52288341.0,1.36,1.04,65.843,0.8638,1175.202554564269,1.9454568250051083,-2.1460255175029173
285,Norway,2017,99.2403411865234,1.01668000221252,1.87510059552548,27.0,401745275035.261,5.49473591165774,10.8681602478027,38.0324516296387,5276968.0,4.16,3.6,82.609756097561,4.7176,76131.83840327646,-1.093227601567761,0.3557933150157302
287,Poland,2017,85.8963801066081,0.5511700014273327,2.07593553673862,29.7,524641206562.004,4.513011186193619,19.968802769978833,25.719483057657868,37974826.0,4.89,6.62,77.7536585365854,2.3788,13815.499946253974,-1.046041934223641,0.3169205908505818
288,Portugal,2017,55.180721282959,0.5658900141716,1.36861411643481,33.8,221357874718.932,4.623682974238335,14.2225103378296,19.261890411377,10300300.0,8.87,3.39,81.4243902439025,5.124,21490.429863104186,-1.0192954190875725,0.2994207155978002
291,Serbia,2017,89.7998199462891,0.393229991197586,3.13106248590119,36.2,44179075778.9267,2.740780774010875,2.17539000511169,20.7765407562256,7020858.0,13.48,5.61,75.5390243902439,2.4607,6292.54654900109,1.0419909542259758,0.536361474127748
292,Slovak Republic,2017,99.2805023193359,0.631749987602234,1.31194588223234,23.2,95649966260.981,6.186008198194481,18.566520690918,20.8929805755615,5439232.0,8.13,5.82,77.1658536585366,3.4156,17585.197002257122,-1.0012060252427746,0.2402193949180553
294,Sweden,2017,91.0670318603516,1.24491000175476,1.79449904665596,28.8,541018749769.097,5.09838660246941,11.319769859314,32.8181190490723,10057698.0,6.72,2.21,82.409756097561,4.3338,53791.508729840265,-1.1113219464407014,0.3223050059642274
296,United States,2017,95.734765625,1.889142012596128,2.13011000365963,41.2,19477336549000.0,6.4294630186527,12.71263999938964,44.19923400878906,325122128.0,4.36,2.87,78.5390243902439,2.61,59907.754260885005,-0.7401602419456309,0.5296946247344063
298,Belgium,2018,86.01964378356932,0.6153825074434279,2.05316499865181,27.2,543299066998.892,6.1607616438426405,14.4354348182678,33.881930351257324,11427054.0,5.95,5.62,81.5951219512195,3.1146,47544.98114727488,-1.1493724023950964,0.3380835378581162
299,Bolivia,2018,64.6958389282227,0.1736800000071526,2.27205987230148,42.6,40287647930.5355,8.790281663914204,1.1205099821090685,29.7335065205892,11606905.0,3.52,1.23,67.748,1.31,3471.0069506501086,0.3108841795189098,0.0467432243028056
300,Brazil,2018,60.0145111083984,0.257620006799698,3.66485028376724,53.9,1916933708404.16,12.00380107681945,0.957949995994568,16.5433902740479,210166592.0,12.46,2.1166666666666667,75.109,2.2379,9121.020092499572,1.0139932914106702,0.0214448902300738
301,Switzerland,2018,97.0852584838867,2.93415999412537,0.936335464113605,33.1,725562534363.895,5.69753397019862,19.9682102203369,38.9819602966309,8514329.0,4.71,4.63,83.7536585365854,4.3328,85216.64295141696,-1.1820424765109383,0.3080876526601089
302,Costa Rica,2018,54.5584602355957,0.314749985933304,2.22111461526584,48.0,62420164964.6987,11.2375609157797,2.82293009757996,22.2299098968506,5040734.0,9.01,1.11,79.484,2.8939,12383.149946951911,-0.3538227604740567,0.0164411404497612
303,Cyprus,2018,81.7732315063477,0.754980027675629,1.43549119531762,32.7,25597301190.678,5.081275914903185,12.2080698013306,37.7905197143555,1218831.0,8.37,3.4166666666666665,81.382,2.9799,21001.518004282792,-1.1787695981286404,0.3065069345486642
304,Czechia,2018,99.81241798400885,0.6524975001811983,2.14949494949492,25.0,249000540729.179,4.88008509505434,15.756454706192024,20.410412788391124,10629928.0,2.24,6.62,79.0292682926829,4.024,23424.480460185525,-1.1820424765109383,0.3080876526601089
305,Germany,2018,96.3322525024414,1.25295996665955,1.73216879766946,31.8,3974443355019.53,4.2943042402017,11.1985902786255,25.7418899536133,82905782.0,3.38,8.063333333333334,80.8926829268293,4.2996,47939.27828844953,-1.1754967197463422,0.3049262164372195
306,Dominican Republic,2018,61.8891830444336,0.0,3.56443426013507,43.7,85555390385.9812,13.65801114604545,1.19762003421783,17.1756649017334,10765531.0,5.86,1.5266666666666666,73.232,1.41,7947.159353865703,-0.2987045099176911,-0.3931649247139818
307,Spain,2018,77.7223587036133,0.660179972648621,1.67498136863794,34.7,1421702715218.01,3.51921691197879,12.924280166626,31.106409072876,46797754.0,15.25,2.97,83.4317073170732,4.0299,30379.721112641644,-0.8518657159133373,0.3961032126022505
308,Estonia,2018,97.8234634399414,0.931609988212585,3.43632688420445,30.3,30624720196.2285,4.30487224148642,21.2413291931152,40.2903594970703,1321977.0,5.41,4.57,78.2439024390244,3.481,23165.84947864335,-1.0690080715510313,0.3315014955590241
310,United Kingdom,2018,99.77520751953124,1.0402249693870549,2.29283990345939,33.7,2878152147315.82,3.564603198741885,12.7830400466919,45.6689739227295,66460344.0,4.0,2.5,81.2560975609756,2.8044,43306.308304931736,-1.03395942094126,0.3846258044622634
312,Hungary,2018,97.37484486897785,0.717846671740214,2.85024792594642,29.6,160565642983.587,4.340645346918355,9.773039817810051,22.68977355957033,9775564.0,3.71,7.01,76.0658536585366,3.4075,16425.20502996932,-1.039049904005011,0.2434116675841941
313,Indonesia,2018,50.9141387939453,0.0501700006425381,3.19834641562404,38.4,1042271532953.36,4.896325801599495,0.614300012588501,9.99415016174316,267066843.0,4.39,1.0033333333333332,70.338,0.4241,3902.661675426926,2.655779135989735,-1.7793511943881186
314,Israel,2018,89.1813583374023,1.44091999530792,0.794075660242686,38.6,376691526553.276,4.202028134011474,12.7519798278809,47.0739784240723,8882800.0,4.0,2.98,82.8024390243903,3.5303,42406.8454263606,-0.9730644021140163,0.2742408147738846
315,Italy,2018,80.32632064819336,0.401259988546371,1.13748763600395,35.2,2091932426266.94,3.79277342988784,12.964750289917,15.4588303565979,60421760.0,10.61,3.14,83.3463414634146,3.9636,34622.16966647347,-0.6438553017921996,0.4946982692195665
316,Latvia,2018,99.257568359375,1.10706996917725,2.53445424186602,35.1,34429023435.0205,5.310230584229011,14.6020202636719,33.0747489929199,1927174.0,7.41,5.49,74.7829268292683,3.3015,17865.031094763886,-0.9819262069749004,0.2725562439688725
319,Malta,2018,82.1786727905273,0.491809993982315,1.15782362451512,28.7,15298004130.4975,3.22213226027113,6.64273977279663,22.1188697814941,484630.0,3.66,4.583333333333333,82.4487804878049,2.8598,31566.35810927409,-1.1406832519918326,0.3309769655961383
320,Mongolia,2018,76.2942504882813,0.200440004467964,6.82424790145521,32.7,13178094719.8612,11.4723648975093,3.1380500793457,34.1467399597168,3163991.0,5.38,7.333333333333333,71.199,3.8518,4165.022820817506,0.2376976702284472,-1.0048915153175928
323,Norway,2018,99.22284126281735,1.0116000026464462,2.76483134528794,27.6,439788625883.8,5.49473591165774,10.757217407226548,37.754168510437026,5311916.0,3.8,3.53,82.7585365853659,4.834,82792.84271133052,-1.094863495780049,0.3584001986219242
324,Pakistan,2018,19.9216003417969,0.0087000001221895,5.07805725868917,29.6,356128167702.894,7.16885406587733,1.45052003860474,3.17432999610901,219731479.0,4.08,0.62,66.482,0.9801,1620.7425960250964,3.98130430846688,-2.8693919092684284
326,Poland,2018,86.91825485229495,0.543279990553856,1.81295156542681,30.2,588779850763.487,4.513011186193619,20.580934524536097,26.6367597579956,37974750.0,3.85,6.54,77.6024390243903,2.372866666666667,15504.50893721452,-1.0906729471673218,0.2992450451269403
327,Portugal,2018,54.3030204772949,0.588530004024506,0.99371568346825,33.5,242313116577.963,4.623682974238335,13.6415901184082,18.6854991912842,10283822.0,6.99,3.45,81.3243902439024,5.3117,23562.554522818755,-1.0286647233748365,0.2990743972256826
329,Serbia,2018,89.93006324768068,0.3746574968099595,1.95984076293803,35.0,50640662859.4987,2.740780774010875,2.1079999804496774,20.781927585601828,6982604.0,12.73,5.593333333333334,75.890243902439,2.4603,7252.403667671646,0.157579829010755,0.1730369711187506
330,Slovak Republic,2018,99.2685623168945,0.836290001869202,2.51403712883808,25.0,106137924015.591,6.186008198194481,19.3569297790527,22.1553707122803,5446771.0,6.54,5.7,77.2658536585366,3.517,19486.393684550167,-0.9902250725754338,0.2128312071156815
332,Sweden,2018,90.9111785888672,1.241047501564025,1.95353530127029,30.0,555455371487.089,5.09838660246941,11.288134813308726,32.68145751953127,10175214.0,6.36,2.14,82.5585365853659,4.4055,54589.06038606058,-0.9122010653533996,0.4375485889396205
334,United States,2018,96.0293731689453,2.03264999389648,2.44258329692818,41.4,20533057312000.0,6.4294630186527,13.0503797531128,45.167911529541,326838199.0,3.9,2.813333333333334,78.6390243902439,2.61,62823.30943819697,-0.7979420269429769,0.5109586820820432
335,Belgium,2019,88.4269638061523,0.603200018405914,1.43681956996435,27.2,535865692402.342,6.12096377150522,15.6211595535278,35.7981986999512,11488980.0,5.36,5.58,81.9951219512195,3.1495,46641.711657809654,-1.1493724023950964,0.3380835378581162
336,Bolivia,2019,64.6958389282227,0.18690000474453,1.83954504969032,41.6,40895322850.9407,8.7017791007376,1.3395299911499,31.0992298126221,11777315.0,3.68,1.28,67.841,1.31,3472.3808313644236,-0.1696603668607089,-0.0425802608975856
337,Brazil,2019,59.11318333943684,0.2264400025208793,3.73297621216894,53.5,1873288159000.64,11.5536597805284,0.843143343925476,15.874383290608732,211782878.0,12.05,2.0999999999999996,75.338,2.3106,8845.323931241694,1.0201266974557717,0.0672535387559425
338,Costa Rica,2019,54.3698705037435,0.2682649940252305,2.09604635327805,48.2,64417670555.7821,10.8785114228484,2.7764967282613138,21.989700317382837,5084532.0,10.81,1.1,79.427,2.998,12669.341161739583,-0.4713813154820065,-0.0334220883171841
339,Cyprus,2019,81.66757202148439,0.8411833445231114,0.250370996758456,31.2,25945194240.4544,5.3466254345444,12.086623191833498,37.639439900716134,1228836.0,7.07,3.415,81.397,3.1437,21113.63456185724,-1.1112860562582887,0.3625535689055905
340,Czechia,2019,99.8096313476563,0.681429982185364,2.84787595918047,25.3,252548179964.897,4.77548092277927,16.0015602111816,21.0129203796387,10671870.0,2.01,6.636666666666667,79.2292682926829,4.0601,23664.84786311087,-1.180406582298651,0.3054807690539148
341,Germany,2019,96.17529805501304,1.3620466391245534,1.44565976888251,31.7,3888226035921.49,4.64167927814672,11.7290465037028,26.939566294352232,83092962.0,3.14,8.030000000000001,81.2926829268293,4.3716,46793.6867615995,-1.1754967197463422,0.3049262164372195
342,Dominican Republic,2019,67.1670379638672,0.0,1.8106037704296,41.9,88941371980.2651,15.48988619393,1.19762003421783,21.9709796905518,10881882.0,6.18,1.5,73.577,1.4518,8173.344645739138,-0.3807951875002761,-0.3095294319996142
343,Spain,2019,78.09643809000653,0.7430633306503296,0.699518994458693,34.3,1394320055129.38,3.62210162451938,13.2181167602539,31.446659723917673,47134837.0,14.1,2.97,83.8317073170732,4.4411,29581.51855132924,-0.8653141403280543,0.394693956181503
344,Estonia,2019,97.8234634399414,0.931609988212585,2.27725931243518,30.8,31081901909.2151,4.22251355239039,21.2413291931152,39.093057632446275,1326898.0,4.51,4.673333333333333,78.6463414634147,3.4724,23424.484707351356,-0.983946936201303,0.360159982194952
346,United Kingdom,2019,99.77520751953124,1.0402249693870549,1.73810460086511,32.8,2857057847953.02,3.68614740758269,12.7830400466919,45.6689739227295,66836327.0,3.74,2.46,81.4048780487805,2.9093,42747.080460495985,-1.0492280383760868,0.3619113482076544
348,Hungary,2019,97.6789627075195,0.699990004301071,3.3385863538201,30.0,164020460331.659,4.13719063874997,10.21027994155883,23.1974849700928,9771141.0,3.42,7.010000000000001,76.3195121951219,3.5248,16786.21363990746,-1.0270636293872384,0.2598519997790688
349,Indonesia,2019,49.82155990600583,0.0453733329971631,3.03058664969491,37.6,1119099871386.16,4.74791485029487,0.5937666694323224,10.140140215555824,269582878.0,3.59,1.015,70.518,0.4651,4151.227554541353,2.399883546944557,-1.8239715272410568
350,Italy,2019,82.1943817138672,0.401259988546371,0.611246943765291,34.6,2011302198827.41,3.85670624309975,12.964750289917,16.5650005340576,59729081.0,9.95,3.1633333333333336,83.4975609756098,3.9958,33673.75096274141,-0.7956850249035894,0.4540615527012274
351,Latvia,2019,99.238639831543,0.7597349882125876,2.81140920075622,34.5,34343961072.8229,4.9656268353408,17.0333690643311,33.9761009216309,1913822.0,6.31,5.593333333333334,75.3878048780488,3.2795,17945.22221649814,-1.0195295119851109,0.275980204954423
353,Norway,2019,99.188232421875,1.08565998077393,2.16773003305405,27.7,408742840909.091,5.59829045075369,11.5490198135376,39.2325706481934,5347896.0,3.69,3.6033333333333335,82.9585365853659,4.94,76430.58894733386,-1.1200100068862422,0.3330446273271485
355,Poland,2019,86.91825485229495,0.543279990553856,2.227478809383,28.8,596058473058.766,4.24088228218582,20.580934524536097,26.6367597579956,37965475.0,3.28,6.6000000000000005,77.9048780487805,2.3967,15700.013579673796,-1.1477723983652213,0.2952280913105591
356,Portugal,2019,57.9531211853027,0.719460010528564,0.338178410046125,32.8,239986922638.897,4.79371579293751,15.1050901412964,20.7785091400146,10286263.0,6.46,3.41,81.6756097560976,5.4837,23330.817288931557,-1.1134917658270258,0.2938564212331318
358,Slovak Republic,2019,99.0162200927734,0.839690029621124,2.66456133425443,23.2,105710052464.625,6.28671780232579,20.3189792633057,23.034309387207,5454147.0,5.75,5.766666666666667,77.6658536585366,3.565,19381.59211048492,-1.103201521436164,0.2475274515245402
360,Sweden,2019,92.0146331787109,1.29111003875732,1.78415097403832,29.3,533879529188.454,5.03745873904773,11.849889755249,34.0250396728516,10278887.0,6.83,2.23,83.109756097561,4.336666666666667,51939.429744529145,-1.073235600303894,0.3467750370117016
362,United States,2019,96.02512868245442,1.99164001146952,1.81221007526015,41.5,21380976119000.0,6.55296093578568,13.2676633199056,45.58965301513674,328329953.0,3.67,2.8200000000000003,78.7878048780488,2.61,65120.394662865256,-0.8250220846225099,0.4878611349014359
363,Belgium,2020,87.46556854248044,0.625675022602081,0.740791812220385,26.0,525213067068.319,6.12096377150522,15.26907968521115,35.4611396789551,11538604.0,5.55,5.62,80.6951219512195,3.1116666666666664,45517.903818201834,-1.1630051256176357,0.3127621979973131
364,Bolivia,2020,64.6958389282227,0.117499999701977,0.940742153381823,43.6,36629843806.0781,8.7017791007376,0.973389983177185,31.4803104400635,11936162.0,7.9,1.29,64.467,1.0299,3068.812555164558,0.0648326999440677,0.0080413514014055
365,Brazil,2020,59.568220138549805,0.2374900057911875,3.21176803803379,48.9,1476107292036.59,11.5536597805284,0.8822650015354154,16.13898515701295,213196304.0,13.93,2.09,74.009,2.2379,6923.700197150651,-0.1042638215545109,-0.1148601217874393
366,Costa Rica,2020,55.4441909790039,0.221780002117157,0.724911478131358,49.2,62395610764.0705,10.8785114228484,2.85759997367859,22.2933502197266,5123105.0,16.43,1.1166666666666667,79.277,3.3005,12179.256674237697,0.0517912503942954,-0.0967630449236645
367,Cyprus,2020,82.9165267944336,1.05020999908447,-0.638422797978907,31.7,25008266159.2479,5.3466254345444,13.4258699417114,38.6319885253906,1237537.0,7.59,3.4,81.391,2.9807,20208.09572501501,-1.1787695981286404,0.3065069345486642
368,Czechia,2020,99.818775177002,0.6782850027084351,3.16129528497808,26.2,245974558654.043,4.77548092277927,16.08907985687255,20.9349355697632,10697858.0,2.55,6.625,78.2268292682927,4.1533,22992.879383334777,-1.178770688086363,0.3028738854477208
369,Spain,2020,80.7694320678711,0.881889998912811,-0.322753017299705,34.9,1276962685648.23,3.62210162451938,14.1927499771118,33.442310333252,47365655.0,15.53,2.97,82.3317073170732,4.114433333333333,26959.675436732163,-0.8441671060630505,0.3624409007401423
370,Estonia,2020,97.8234634399414,0.931609988212585,-0.444531097679859,30.7,31370395572.7653,4.22251355239039,21.2413291931152,39.4988899230957,1329522.0,6.96,4.630000000000001,78.5951219512195,3.4720999999999997,23595.243683643672,-1.0558583894550893,0.3289288433868025
372,United Kingdom,2020,99.8025970458984,1.07942998409271,0.98948670377243,32.6,2704609160088.15,3.68614740758269,13.5756597518921,47.2437782287598,67081234.0,4.472,2.5,80.3512195121951,3.0037,40318.41692250548,-1.030179043132582,0.3817068339179243
374,Hungary,2020,98.1814270019531,0.68953001499176,3.3267438576673,29.7,157227094449.074,4.13719063874997,11.7679395675659,24.9986801147461,9750149.0,4.25,7.015,75.5682926829269,3.425666666666667,16125.609408540731,-0.985670694601166,0.3157237774545747
375,Indonesia,2020,54.5782318115234,0.044369999319315,1.92096800566845,37.6,1059054842711.72,4.74791485029487,0.618369996547699,11.0280704498291,271857970.0,4.25,1.04,68.808,0.6228,3895.618152050941,2.2267572909850313,-1.819651757917671
376,Italy,2020,82.1943817138672,0.401259988546371,-0.13770757391657,35.2,1897210466667.52,3.85670624309975,12.964750289917,16.5650005340576,59438851.0,9.16,3.16,82.1951219512195,3.9477,31918.693493377257,-0.8485569473486265,0.4347710574321689
379,Portugal,2020,60.7458801269531,0.762510001659393,-0.0124383299576167,34.7,229031860520.773,4.79371579293751,16.1905002593994,22.547779083252,10297081.0,6.8,3.42,80.9756097560976,5.306466666666666,22242.40641797156,-0.982879767387742,0.2898821164110487
381,Sweden,2020,91.54083251953124,1.26801002025604,0.497367318853562,28.9,547054174235.876,5.03745873904773,11.5848298072815,33.42157936096195,10353442.0,8.29,2.175,82.3560975609756,4.36965,52837.90397781491,-1.0367851483793735,0.3738519516653698
382,United States,2020,96.4607696533203,2.08855009078979,1.23358439630637,39.7,21060473613000.0,6.55296093578568,14.1386003494263,48.089168548584,331511512.0,8.05,2.87,76.9804878048781,2.61,63528.63430275085,-1.0635917995300657,0.325975641408491
383,Costa Rica,2021,55.001325607299805,0.2682649940252305,1.72647755109235,48.7,64616482167.7475,10.8785114228484,2.840265035629275,22.261630058288603,5153957.0,15.14,1.105,77.023,3.0972,12537.256746175315,-0.4333308595276114,-0.0492006202110731
