,Country Name,Year,"EA, at least completed lower secondary","EA, Doctoral or equivalent",Poverty headcount ratio at $3.65,Inflation,Poverty headcount ratio at $6.85,Gini index,GDP (current US$),Poverty gap at $2.15,Poverty gap at $3.65,"COD, by injury","EA, at least Master's or equivalent",Poverty headcount ratio at $2.15,"EA, at least completed short-cycle tertiary","Population, total",Population ages 65 and above (% of total population),"COD, by non-communicable diseases",Unemployment,Poverty gap at $6.85,"Hospital beds (per 1,000 people)",Life expectancy,"Physicians (per 1,000 people)","EA, at least completed primary"
13156,Kyrgyz Republic,2009,95.6928405761719,0.03192999958992,18.7,6.83656248105363,67.6,29.9,4690061344.16421,0.3,3.6,10.1500550943121,15.4475898742676,1.5,17.6226501464844,5383300.0,4.49736197344519,76.9412100012404,2.788,23.2,4.83,69.1024390243903,2.3409,97.9721069335938
13219,Panama,2009,61.490291595459,0.255290001630783,8.0,2.40905316669705,23.0,51.8,27116635600.0,0.6,2.4,12.3599771881362,2.37209010124207,2.5,21.3589096069336,3559343.0,6.29885997203135,69.8754188149835,6.011,8.5,2.3,76.343,1.3092,82.6293563842773
13320,Bangladesh,2010,35.2979698181152,0.0795499980449677,59.3,8.12667639169919,89.4,32.1,115279077465.226,3.2,18.3,7.59040285131126,1.6816999912262,18.2,5.97435998916626,148391139.0,4.44682244656528,59.4311989454775,3.38,46.5,0.6,68.638,0.3635,48.8796615600586
13422,Kyrgyz Republic,2010,95.6928405761719,0.03192999958992,21.4,7.96772225579691,70.5,30.1,4794361821.20611,1.0,5.2,10.1500550943121,15.4475898742676,3.5,17.6226501464844,5447900.0,4.21247301584639,76.9412100012404,2.834,25.3,4.76,69.3,2.3394,97.9721069335938
13426,"Korea, Rep.",2010,82.9011688232422,0.578840017318726,0.7,2.93928652655687,2.2,32.0,1144066965324.49,0.2,0.4,12.7241226603015,3.54324007034302,0.5,35.3209915161133,49554112.0,11.0460909197177,80.1622548279412,3.32,0.9,8.74,80.1170731707317,1.9839,94.3045272827148
13454,Mexico,2010,53.0869216918945,0.142680004239082,12.8,4.15672722680176,38.1,47.2,1057800597973.65,1.6,4.3,12.3581068270841,1.31121003627777,4.5,14.4238395690918,112532401.0,6.16936719482848,76.0637841319078,5.3,14.1,1.05,74.19,1.9986,74.7418975830078
13485,Panama,2010,61.490291595459,0.255290001630783,9.1,3.49128867487524,21.7,51.6,29440287600.0,1.0,3.2,12.3599771881362,2.37209010124207,3.4,21.3589096069336,3623617.0,6.45949800165166,69.8754188149835,5.875,9.0,2.3,76.448,1.4058,82.6293563842773
13594,Bolivia,2011,51.923828125,0.286500006914139,10.4,9.88446419823887,23.5,46.1,23963162969.3832,2.2,4.5,9.36407931995113,1.79473996162415,5.3,24.0322399139404,10396246.0,4.81927345790362,64.6162738997523,2.25,10.2,1.07,66.534,0.4671,58.5779991149902
13648,Georgia,2011,95.5943069458008,0.234569996595383,33.3,8.54293333333334,69.0,39.6,15107482383.3798,4.3,12.0,4.72123913842452,27.3010005950928,13.4,30.1727104187012,3756441.0,13.3262700887729,92.3965711104472,19.63,31.3,2.81,72.39,4.5004,98.1364212036133
13739,Niger,2011,8.36524963378906,0.219449996948242,88.3,2.94238514013317,97.7,31.5,8772950783.02414,19.2,43.3,8.30701712086658,0.551569998264313,60.6,1.70499002933502,17283112.0,2.40218891134884,23.4406588654639,0.32,67.2,0.35,58.994,0.0535,13.8695602416992
13750,Pakistan,2011,33.2478218078613,0.462330013513565,51.7,11.9160927116277,89.1,29.7,213587517187.669,1.3,13.3,7.76796887644358,1.63380002975464,9.6,7.36818981170654,198602738.0,3.76591887670753,53.0217057656377,0.8,42.4,0.6,64.648,0.8311,48.3495101928711
13751,Panama,2011,61.490291595459,0.255290001630783,7.3,5.87580249989755,18.3,51.3,34686224300.0,0.7,2.4,12.3599771881362,2.37209010124207,2.5,21.3589096069336,3688674.0,6.62335570993804,69.8754188149835,4.05,7.3,2.27,76.627,1.4976,82.6293563842773
13761,Paraguay,2011,42.6785202026367,0.0525100007653236,12.9,8.25396825396825,32.2,52.3,33737033607.0615,1.6,4.7,12.6445081776989,4.60771989822388,5.0,10.8557195663452,5843939.0,5.15943999068436,69.0770586906766,4.67,13.0,1.36,72.131,1.2774,71.034309387207
13787,Slovak Republic,2011,99.3027725219727,1.06246995925903,0.9,3.91928599146294,3.0,26.5,99922685424.8842,0.2,0.4,5.30436121699577,16.503719329834,0.4,20.6499996185303,5398384.0,12.708990048364,89.637049547929,13.62,1.1,6.05,75.9585365853659,3.2999,99.8702392578125
14381,Belgium,2014,82.3405303955078,0.49465999007225,0.1,0.340002833356965,0.3,28.1,535390200131.009,0.1,0.1,6.20055951618006,13.4917602539063,0.1,31.5528507232666,11209057.0,18.0157189186848,85.9018536923863,8.52,0.1,5.85,81.2878048780488,2.9723,93.8728332519531
14401,Switzerland,2014,97.0206527709961,2.97441005706787,0.0,-0.0132025387515987,0.1,32.5,726537808338.0,0.0,0.0,5.69679930275473,18.1987590789795,0.0,35.6050109863281,8188649.0,17.6841958960604,89.7083775891724,4.83,0.1,4.73,83.1975609756098,4.1171,99.7253799438477
14417,Cyprus,2014,78.9592819213867,0.616890013217926,0.2,-1.35498885446312,0.4,35.6,23225912183.4988,0.1,0.1,4.81592639526197,9.50104999542236,0.1,35.2161903381348,1176995.0,12.3954222405363,90.7245350697746,16.09,0.2,3.42,80.771,2.4993,93.9071578979492
14418,Czechia,2014,99.8154830932617,0.504239976406097,0.1,0.343988589646784,0.8,25.9,209358834156.329,0.0,0.0,4.98468926732941,14.7503499984741,0.0,18.9672508239746,10525347.0,17.6084010720933,89.9278531709988,6.11,0.2,6.68,78.8243902439024,3.9345,99.8542098999023
14419,Germany,2014,96.7991485595703,1.26112997531891,0.2,0.90679400043421,0.2,30.9,3889093051023.45,0.0,0.0,3.94692920225668,10.7488899230957,0.0,24.8727207183838,80982500.0,20.743886196754,91.0462466946146,4.98,0.1,8.23,81.090243902439,4.0846,100.0
14441,France,2014,82.6331634521484,0.712890028953552,0.0,0.507758822937957,0.2,32.3,2855964488590.14,0.0,0.0,6.59523492090918,8.35151958465576,0.0,28.5274600982666,66312067.0,18.6484201991835,86.829738874205,10.29,0.1,6.2,82.719512195122,3.1941,97.5446166992188
14445,United Kingdom,2014,99.8598480224609,0.88425999879837,0.5,1.45112016293279,0.5,33.1,3065223279583.79,0.2,0.3,3.44305898990108,8.78437042236328,0.2,38.9803009033203,64602298.0,17.5812898743289,88.4900017661646,6.11,0.4,2.73,81.3048780487805,2.7149,99.8598480224609
14446,Georgia,2014,96.7086486816406,0.301580011844635,22.0,3.06881210379542,57.0,37.6,17627336228.0536,1.6,6.4,4.50710591601015,27.421989440918,6.1,30.8818302154541,3719414.0,13.8496940439586,92.4565350351342,17.44,22.3,2.89,73.099,4.7754,98.7651824951172
14453,Greece,2014,67.5204162597656,0.540329992771149,2.9,-1.31226096405516,7.7,35.8,235458133124.604,0.8,1.4,3.30112596768081,2.40397000312805,1.5,23.0271892547607,10892413.0,20.522461240682,86.8109194729314,26.49,3.2,4.24,81.3853658536585,5.9717,94.6889190673828
14465,Hungary,2014,96.6406173706055,0.659240007400513,1.1,-0.227566270988384,5.4,30.9,141033843265.669,0.5,0.7,4.54410005508674,8.47980976104736,0.7,20.8776302337646,9866468.0,17.7269259186933,93.3431936021452,7.73,1.7,6.98,75.7634146341463,3.3443,99.5173797607422
14470,Indonesia,2014,47.2939186096191,0.0321299992501736,40.5,6.39492540819922,74.9,40.2,890814755511.291,1.5,11.4,5.04473675290412,0.564450025558472,9.3,8.65480041503906,256229761.0,6.13010307938018,73.0713752539611,4.05,34.3,0.94,69.533,0.2738,76.6004180908203
14479,Israel,2014,88.8317489624023,1.40883994102478,1.2,0.479786761439352,5.5,39.8,314330061977.263,0.2,0.4,4.1685711777156,12.5802602767944,0.5,46.790470123291,8215700.0,10.732317829449,85.6170227148356,5.89,1.6,3.08,82.1536585365854,3.4612,95.5748519897461
14490,"Korea, Rep.",2014,85.7208404541016,0.771870017051697,0.5,1.27477446401322,1.5,31.2,1484318219633.63,0.1,0.2,10.3210205864257,4.44513988494873,0.2,40.3022689819336,50746659.0,12.5359402512469,79.9542233154575,3.08,0.5,11.59,81.7219512195122,2.207,95.5062866210938
14507,Lithuania,2014,93.0639724731445,0.468670010566711,2.7,0.103758009433715,6.3,37.7,48533659592.1728,0.7,1.2,6.91261389981482,13.1971502304077,1.3,29.8839302062988,2932367.0,18.9943162230137,89.6883443365829,10.7,2.5,7.26,74.5170731707317,4.2507,98.7109069824219
14509,Latvia,2014,99.4220123291016,0.584519982337952,1.9,0.620490636732377,7.1,35.1,31386896487.0402,0.4,0.8,5.65483433311722,10.7552900314331,0.8,28.7276401519775,1993782.0,19.6451684925056,91.6897535035995,10.85,2.5,5.66,74.1243902439024,3.1724,99.65399169921875
14514,Moldova,2014,96.1719436645508,0.0829999968409538,0.8,5.0887855462588,19.9,26.8,9399833207.49341,0.0,0.1,6.47492173094629,0.689189970493317,0.0,33.518180847168,2857815.0,10.8985118785958,88.7341249966908,3.73,3.8,5.66,69.031,2.4746,99.2903594970703
14518,Mexico,2014,57.4869689941406,0.0840200036764145,12.0,4.01861608078673,38.3,48.7,1315356131262.48,1.1,3.7,10.1501120910894,1.24433994293213,3.7,14.4319295883179,118755887.0,6.78540884972966,79.8132340601764,4.81,13.6,1.03,74.797,2.2263,78.7838134765625
14523,Malta,2014,76.8865127563477,0.244929999113083,0.0,0.310306472181729,0.1,29.0,11625843213.6076,0.0,0.0,3.19160701114444,4.2165699005127,0.0,16.4621200561523,434558.0,18.2894268223573,90.5477892834769,5.73,0.0,4.59,82.0463414634146,2.6592,98.4661331176758
14540,Netherlands,2014,89.3653717041016,0.560840010643005,0.2,0.976035079699661,0.4,28.6,892167986713.708,0.0,0.1,4.91316916848526,10.5571298599243,0.1,30.2677993774414,16865008.0,17.4883144654081,89.2953055269509,7.42,0.2,3.55,81.7073170731707,3.4194,98.4327926635742
14541,Norway,2014,99.2095336914063,0.883610010147095,0.1,2.0417028670721,0.4,26.8,501736471832.848,0.1,0.1,5.39118137256179,9.68177032470703,0.1,35.7232704162598,5137232.0,16.029715117401,87.1864695254935,3.48,0.2,3.84,82.1,4.4249,99.6536331176758
14554,Poland,2014,83.8526306152344,0.566950023174286,1.1,0.0538213132400467,3.8,32.8,539080532037.142,0.2,0.4,4.78514009020142,18.7445392608643,0.4,23.8849296569824,38011735.0,15.0099531846206,90.3762185546728,8.99,1.2,6.63,77.6024390243903,2.302,98.8694686889648
14558,Portugal,2014,51.444938659668,0.452219992876053,1.5,-0.278153367467421,4.7,35.6,229901964221.881,0.2,0.5,4.45365015553916,13.5167903900146,0.5,17.4849891662598,10401062.0,20.1267354779403,86.2288183970629,13.9,1.6,3.32,81.1219512195122,4.5567,89.9500198364258
14565,Romania,2014,89.0505218505859,0.0810699984431267,13.9,1.06830987684293,29.7,36.0,199713780259.318,2.5,5.7,3.65325852092211,9.26996040344238,7.0,13.5352802276611,19908979.0,16.4531584589201,92.2490251411109,6.8,13.3,6.71,74.909756097561,2.624,98.5820388793945
14578,Serbia,2014,86.7260437011719,0.409209996461868,12.2,2.08244793880151,28.2,40.5,47062202241.4378,4.3,6.4,3.10717491859178,1.49623000621796,6.9,18.9766292572021,7130576.0,18.8473626583386,94.2980186195303,19.22,12.9,5.52,75.3365853658537,2.4611,93.680778503418
14585,Slovak Republic,2014,99.3442611694336,0.548160016536713,1.8,-0.0761653295419824,4.8,26.1,101437045019.899,0.5,0.7,6.08529859406317,15.3560495376587,0.7,18.294059753418,5418649.0,13.7734199896708,89.1914720545025,13.18,1.9,5.79,76.8121951219512,3.4214,99.7848434448242
14586,Slovenia,2014,97.5927124023438,1.62654995918274,0.0,0.199343826570849,0.3,25.7,49997186439.0908,0.0,0.0,6.82196051910906,13.2726097106934,0.0,25.1138591766357,2061980.0,17.4491798949066,88.5042685787872,9.67,0.1,4.54,81.0780487804878,2.7628,99.8703765869141
14587,Sweden,2014,89.4749069213867,1.183109998703,0.7,-0.17963849411465,1.1,28.4,581964017237.095,0.3,0.4,5.15931446589109,10.633620262146,0.5,31.0949001312256,9696110.0,19.4113757377077,88.9668585102809,7.95,0.7,2.54,82.2536585365854,4.1115,100.0
14608,Turkiye,2014,54.9677581787109,0.350780010223389,2.2,8.85457271364318,12.4,41.2,938934430070.659,0.0,0.4,5.69183279813198,1.63619995117188,0.2,15.8283195495605,78112073.0,6.91834150325045,88.7629454068832,9.88,3.5,2.68,76.565,1.756,87.8281021118164
14647,Belgium,2015,84.3579177856445,0.586290001869202,0.2,0.561429152790106,0.2,27.7,462335574841.484,0.1,0.1,6.20055951618006,13.5417098999023,0.1,32.0645713806152,11274196.0,18.2121641721349,85.9018536923863,8.48,0.1,5.83,80.9926829268293,3.0138,95.0690612792969
14667,Switzerland,2015,97.0939331054688,2.90017008781433,0.0,-1.14390867228178,0.1,32.3,694118186379.628,0.0,0.0,5.69679930275473,19.0105304718018,0.0,36.949291229248,8282396.0,17.8617649061815,89.7083775891724,4.8,0.0,4.73,82.8975609756098,4.1898,99.6914672851563
14683,Cyprus,2015,78.6391830444336,0.725149989128113,0.1,-2.09699769053118,0.1,34.0,19909269064.8473,0.0,0.0,4.81592639526197,10.3337602615356,0.0,34.8284301757813,1187280.0,12.70210059969,90.7245350697746,14.91,0.1,3.42,80.966,2.6236,93.8923110961914
14684,Czechia,2015,99.8076629638672,0.600679993629456,0.0,0.309364548494974,0.4,25.9,188033050459.881,0.0,0.0,4.98468926732941,15.0368995666504,0.0,19.5305309295654,10546059.0,18.0884894449936,89.9278531709988,5.05,0.1,6.67,78.5780487804878,3.9516,99.849983215332
14685,Germany,2015,96.7161178588867,1.28924000263214,0.0,0.514426137125476,0.2,31.4,3357585719351.56,0.0,0.0,3.94692920225668,11.0329399108887,0.0,25.4261207580566,81686611.0,20.9504729349861,91.0462466946146,4.62,0.1,8.13,80.6414634146341,4.1342,100.0
14700,Spain,2015,74.8149490356445,0.687120020389557,1.5,-0.500365709903282,3.5,36.2,1196156971279.69,0.6,0.8,3.4163321994382,12.5373201370239,0.9,29.2910804748535,46444832.0,18.5866262491401,91.2594543710255,22.06,1.6,2.98,82.8317073170732,3.8267,90.4641036987305
14707,France,2015,83.2034301757813,0.764140009880066,0.2,0.0375143805125363,0.3,32.7,2439188643162.5,0.1,0.1,6.59523492090918,8.76731014251709,0.1,30.3862209320068,66548272.0,19.1050644612113,86.829738874205,10.35,0.2,6.13,82.3219512195122,3.2071,97.5224227905273
14711,United Kingdom,2015,99.8598480224609,0.88425999879837,0.5,0.368046842325369,0.7,33.3,2934857946213.47,0.2,0.2,3.44305898990108,8.78437042236328,0.2,38.9803009033203,65116219.0,17.7986610954152,88.4900017661646,5.3,0.4,2.61,80.9560975609756,2.7465,99.8598480224609
14712,Georgia,2015,97.33026885986325,0.35732001066207897,20.0,4.00357820695098,56.2,36.5,14953675992.6704,1.2,5.5,4.50710591601015,27.7863998413086,4.9,31.87018489837645,3725276.0,13.950890607913,92.4565350351342,16.51,21.3,2.89,73.297,5.0055,99.03565979003905
14719,Greece,2015,69.1706924438477,0.486739993095398,2.8,-1.73588804765278,7.8,36.0,195683527003.375,0.8,1.3,3.30112596768081,2.15020990371704,1.4,23.7070407867432,10820883.0,20.8045358405077,86.8109194729314,24.9,3.1,4.25,81.0365853658537,5.9914,95.2607803344727
14731,Hungary,2015,96.7666091918945,0.7535600066185,1.3,-0.0616446800641176,3.9,30.4,125174166987.372,0.3,0.6,4.54410005508674,8.8985595703125,0.6,21.6743507385254,9843028.0,18.0962513533286,93.3431936021452,6.81,1.5,6.99,75.5682926829269,3.1178,99.5505981445313
14736,Indonesia,2015,48.8020706176758,0.0321299992501736,35.8,6.36312113115614,72.9,40.4,860854232717.853,1.4,10.1,5.04473675290412,0.516470015048981,8.3,9.24635982513428,259091970.0,6.18552594699389,73.0713752539611,4.51,32.2,0.98,69.699,0.2738,77.6303482055664
14745,Israel,2015,89.1813583374023,1.44091999530792,0.7,-0.601291007162425,5.0,39.7,303414276832.04,0.2,0.4,4.1685711777156,12.7519798278809,0.5,47.0739784240723,8380100.0,10.9097367584366,85.6170227148356,5.25,1.4,3.03,82.0512195121951,3.4627,95.6309967041016
14775,Latvia,2015,99.276496887207,0.542620003223419,1.6,0.174242243625214,4.9,34.2,27263090547.0617,0.4,0.7,5.65483433311722,11.6074199676514,0.7,29.773509979248,1977527.0,19.9484476176539,91.6897535035995,9.87,1.8,5.69,74.4804878048781,3.1656,99.6539764404297
14780,Moldova,2015,96.3761825561523,0.183669999241829,0.9,9.67624033101863,17.7,27.0,7798692878.40136,0.0,0.1,6.47492173094629,0.984969973564148,0.0,33.0730285644531,2835978.0,11.3583439006916,88.7341249966908,4.7,3.3,5.66,69.24,2.4836,99.3881072998047
14789,Malta,2015,77.5713577270508,0.279080003499985,0.1,1.1005482637893,0.3,29.4,11091467513.7109,0.1,0.1,3.19160701114444,4.42015981674194,0.1,16.4424896240234,445053.0,18.5559547810508,90.5477892834769,5.38,0.1,4.59,81.8975609756097,2.8598,98.8570327758789
14799,Malaysia,2015,74.2072372436523,0.258500009775162,0.4,2.10438980238344,4.8,41.1,301354783698.72,0.0,0.1,9.20074125298712,1.58956003189087,0.0,18.8380794525146,31068833.0,5.87638270604472,71.0097997668116,3.1,1.0,1.86,75.094,1.5358,93.94287109375
14806,Netherlands,2015,89.4881210327148,0.567080020904541,0.1,0.600248147278775,0.4,28.2,765572770634.375,0.0,0.0,4.91316916848526,10.7348003387451,0.1,30.96116065979,16939923.0,17.8882505142345,89.2953055269509,6.87,0.2,3.49,81.509756097561,3.4917,98.4480819702148
14807,Norway,2015,99.2287826538086,0.94760000705719,0.2,2.17113665389528,0.4,27.5,388159512245.53,0.1,0.1,5.39118137256179,10.1221799850464,0.2,36.518871307373,5188607.0,16.2771285556204,87.1864695254935,4.3,0.2,3.76,82.3048780487805,4.4432,99.6657333374023
14814,Pakistan,2015,37.3312797546387,0.516099989414215,40.0,2.52932817254226,83.8,31.3,270556104886.456,0.7,9.2,7.34153454702183,1.88082003593445,5.1,8.75331020355225,210969298.0,3.90610391091125,56.7799413924832,3.57,36.1,0.6,65.697,0.9262,49.8061408996582
14820,Poland,2015,84.59027862548831,0.5023700147867205,0.9,-0.874125874125849,3.4,31.8,477111287969.227,0.2,0.4,4.78514009020142,19.0061492919922,0.4,24.4591646194458,37986412.0,15.5367476366261,90.3762185546728,7.5,1.1,6.63,77.4512195121951,2.3252,99.03524780273435
14824,Portugal,2015,52.7052001953125,0.486809998750687,1.2,0.487938623904736,3.6,35.5,199394066525.44,0.3,0.5,4.45365015553916,13.9413404464722,0.5,18.1825294494629,10358076.0,20.5529039276739,86.2288183970629,12.45,1.3,3.37,81.1243902439025,4.7487,90.5410003662109
14831,Romania,2015,89.4869079589844,0.0810699984431267,12.2,-0.594156437495137,27.4,35.9,177883897811.434,1.7,4.6,3.65325852092211,9.26996040344238,5.3,14.4555702209473,19815616.0,16.830089943881,92.2490251411109,6.81,11.6,6.79,74.9121951219512,2.2565,98.6399307250977
14844,Serbia,2015,88.642448425293,0.365209996700287,11.6,1.39235822000187,27.2,40.5,39655949731.3816,4.0,6.1,3.10717491859178,1.86972999572754,6.6,19.9578895568848,7095383.0,19.2660518736894,94.2980186195303,17.66,12.1,5.58,75.2878048780488,2.4603,96.9942169189453
14851,Slovak Republic,2015,99.2700729370117,0.661260008811951,1.2,-0.325219777427739,4.3,26.5,88900883130.8374,0.3,0.5,6.08529859406317,16.5289001464844,0.7,19.204460144043,5423801.0,14.2236868678443,89.1914720545025,11.48,1.4,5.75,76.5634146341463,3.4438,99.8219680786133
14852,Slovenia,2015,98.1058120727539,1.76355004310608,0.0,-0.525552285820838,0.3,25.4,43107506024.3254,0.0,0.0,6.82196051910906,14.4350099563599,0.0,26.1267108917236,2063531.0,17.894867607751,88.5042685787872,8.96,0.0,4.51,80.7756097560976,2.8148,99.8088989257813
14853,Sweden,2015,90.019401550293,1.20635998249054,0.8,-0.0467847449832651,1.1,29.2,505103781349.757,0.3,0.5,5.15931446589109,10.8662796020508,0.6,31.6511001586914,9799186.0,19.5917070047831,88.9668585102809,7.43,0.7,2.44,82.2048780487805,4.1899,100.0
14874,Turkiye,2015,56.3549003601074,0.338629990816116,2.5,7.6708536484588,13.7,42.9,864313960482.343,0.1,0.5,5.69183279813198,1.75616002082825,0.2,17.3935794830322,79646178.0,7.08622636552487,88.7629454068832,10.24,3.8,2.68,76.646,1.7988,88.2771301269531
14913,Belgium,2016,84.7895202636719,0.623889982700348,0.1,1.97385264653172,0.3,27.6,476062757356.94,0.1,0.1,6.20055951618006,13.6618700027466,0.1,32.5408706665039,11331422.0,18.388947228713,85.9018536923863,7.83,0.1,5.76,81.4390243902439,3.0679,95.6992492675781
14916,Bangladesh,2016,41.5008010864258,0.165959998965263,51.6,5.51352572692992,86.9,32.4,265236389198.948,2.4,15.0,7.48848529773928,3.48118996620178,13.5,8.8502197265625,159784568.0,4.92609334799437,63.7038514843619,4.35,42.4,0.79,71.09,0.4974,56.3039588928223
14925,Brazil,2016,58.2031097412109,0.204339995980263,10.6,8.73914352329393,27.0,53.3,1795693265824.27,1.7,4.1,12.4539423731105,0.764900028705597,4.7,15.3451795578003,206859578.0,8.16185098279568,73.369855341327,11.74,11.0,2.11,74.442,2.1652,78.4814605712891
14933,Switzerland,2016,96.8901824951172,2.90631008148193,0.1,-0.434618664285843,0.1,33.0,687895460902.713,0.0,0.0,5.69679930275473,18.9417095184326,0.0,36.6171913146973,8373338.0,18.0129627758513,89.7083775891724,4.92,0.1,4.69,83.6024390243903,4.2473,99.6673431396484
14949,Cyprus,2016,80.3129577636719,0.718360006809235,0.1,-1.42916666666668,0.1,32.9,21046452117.3765,0.0,0.0,4.81592639526197,10.6259298324585,0.0,36.4958114624023,1197881.0,12.9978215708315,90.7245350697746,12.95,0.1,3.43,81.056,1.9509,95.0117797851563
14950,Czechia,2016,99.8044586181641,0.652740001678467,0.1,0.683504209385683,0.7,25.4,196272068576.338,0.0,0.0,4.98468926732941,15.8107595443726,0.0,20.2412490844727,10566332.0,18.5617924633372,89.9278531709988,3.95,0.2,6.66,79.0268292682927,4.0194,99.8392105102539
14951,Germany,2016,96.5136413574219,1.32317996025085,0.2,0.491747008445241,0.2,31.4,3469853463945.63,0.0,0.0,3.94692920225668,11.5085496902466,0.0,26.1768093109131,82348669.0,21.1361287969973,91.0462466946146,4.12,0.1,8.06,80.990243902439,4.1944,100.0
14966,Spain,2016,75.7975234985352,0.687120020389557,1.7,-0.202598000426425,3.5,35.8,1233554967011.71,0.7,1.0,3.4163321994382,12.5373201370239,1.1,29.791259765625,46484062.0,18.8238250273302,91.2594543710255,19.64,1.7,2.97,83.3292682926829,3.8112,91.1201019287109
14973,France,2016,83.6858291625977,0.804830014705658,0.1,0.183334861123848,0.3,31.9,2472964344587.23,0.1,0.1,6.59523492090918,9.10295963287354,0.1,29.5100402832031,66724104.0,19.5271629592367,86.829738874205,10.05,0.1,6.06,82.5731707317073,3.2206,97.6264724731445
14977,United Kingdom,2016,99.7478179931641,1.0010199546814,0.5,1.00841736811403,0.7,33.1,2699659680997.2,0.2,0.3,3.44305898990108,11.9904203414917,0.2,44.0941696166992,65611593.0,17.9739585909132,88.4900017661646,4.81,0.4,2.57,81.1560975609756,2.7563,100.0
14985,Greece,2016,64.8029022216797,0.51147997379303,2.0,-0.825653978391008,6.4,35.0,193148146586.938,0.6,0.9,3.30112596768081,2.4172899723053,1.0,21.200569152832,10775971.0,21.0983621746457,86.8109194729314,23.54,2.3,4.2,81.3878048780488,6.2149,91.4755096435547
14997,Hungary,2016,97.1764984130859,0.710449993610382,1.9,0.394769306686402,3.3,30.3,128609822750.039,0.8,1.1,4.54410005508674,8.65262031555176,1.3,21.3962898254395,9814023.0,18.4745307602176,93.3431936021452,5.11,1.8,7.0,76.0634146341464,3.2313,99.5666732788086
15002,Indonesia,2016,43.9723091125488,0.0415799990296364,33.5,3.5258051568793,68.3,39.3,931877364033.902,1.2,9.3,5.04473675290412,0.548629999160767,7.5,9.39820003509521,261850182.0,6.25486179727001,73.0713752539611,4.3,29.8,0.99,69.798,0.32525,80.2382736206055
15011,Israel,2016,89.1813583374023,1.44091999530792,1.0,-0.551552352993539,4.0,39.0,322102790386.835,0.1,0.3,4.1685711777156,12.7519798278809,0.2,47.0739784240723,8546000.0,11.1005086524601,85.6170227148356,4.8,1.2,2.99,82.4073170731707,3.4641,95.6309967041016
15022,"Korea, Rep.",2016,85.7208404541016,0.771870017051697,0.5,0.97168573991219,1.2,31.4,1500111596236.37,0.1,0.1,10.3210205864257,4.44513988494873,0.2,40.3022689819336,51217803.0,13.3636233447276,79.9542233154575,3.65,0.4,11.98,82.2756097560976,2.3037,95.5062866210938
15041,Latvia,2016,99.238639831543,0.412400007247925,1.5,0.140633334505292,4.6,34.3,28083597512.4849,0.3,0.6,5.65483433311722,11.6028203964233,0.6,31.3902797698975,1959537.0,20.2239854956432,91.6897535035995,9.64,1.6,5.72,74.580487804878,3.1885,99.6539764404297
15050,Mexico,2016,59.7126693725586,0.0762600004673004,10.7,2.82170784747653,33.6,47.7,1078493059306.95,0.9,3.2,10.1501120910894,1.3954199552536,3.2,15.1532297134399,121519221.0,7.19867761825647,79.8132340601764,3.86,12.0,1.0,74.412,2.3244,80.1121597290039
15055,Malta,2016,78.2185134887695,0.239959999918938,0.2,0.642702771527276,0.3,29.1,11667976402.763,0.1,0.1,3.19160701114444,4.52152013778687,0.1,16.7845191955566,455356.0,18.6958659839001,90.5477892834769,4.69,0.2,4.67,82.4536585365854,2.8598,98.9275283813477
15072,Netherlands,2016,89.7140426635742,0.579590022563934,0.2,0.316666666666663,0.4,28.2,784060430240.101,0.0,0.0,4.91316916848526,11.0200595855713,0.0,31.5066204071045,17030314.0,18.2468894721336,89.2953055269509,6.01,0.1,3.41,81.5609756097561,3.547,98.5061874389648
15073,Norway,2016,99.2340087890625,0.996460020542145,0.4,3.55000000000002,0.7,28.5,370956547619.048,0.2,0.2,5.39118137256179,10.4895095825195,0.3,37.232780456543,5234519.0,16.5199315317727,87.1864695254935,4.68,0.4,3.68,82.4073170731707,4.5679,99.6748504638672
15086,Poland,2016,85.3279266357422,0.437790006399155,0.6,-0.664767331434023,2.4,31.2,470024559638.496,0.1,0.2,4.78514009020142,19.2677593231201,0.2,25.0333995819092,37970087.0,16.1080683027695,90.3762185546728,6.16,0.8,6.64,77.8512195121951,2.4146,99.2010269165039
15090,Portugal,2016,54.1912498474121,0.495050013065338,0.7,0.607397074641661,3.6,35.2,206426152308.937,0.2,0.3,4.45365015553916,14.2954702377319,0.4,19.0035095214844,10325452.0,20.9631111863411,86.2288183970629,11.07,1.1,3.39,81.1243902439025,4.9397,91.117431640625
15110,Serbia,2016,89.4902420043945,0.482039988040924,11.0,1.12231397417765,24.6,38.8,40692661657.284,4.2,5.9,3.10717491859178,2.18066000938416,6.4,20.6914501190186,7058322.0,19.5924205769216,94.2980186195303,15.26,11.4,5.59,75.6878048780488,2.4603,97.4404525756836
15117,Slovak Republic,2016,99.3035583496094,0.529900014400482,2.1,-0.520010196278324,4.3,25.2,89952699524.8965,1.2,1.4,6.08529859406317,17.6331100463867,1.4,19.8435497283936,5430798.0,14.7326646847241,89.1914720545025,9.67,2.2,5.78,77.1658536585366,3.4664,99.8057022094727
15118,Slovenia,2016,97.6204681396484,2.30223989486694,0.0,-0.0549995416704911,0.2,24.8,44766722790.5838,0.0,0.0,6.82196051910906,14.6544303894043,0.0,26.9521999359131,2065042.0,18.3266188840298,88.5042685787872,8.0,0.0,4.49,81.1756097560976,3.0007,99.8088989257813
15119,Sweden,2016,90.5436477661133,1.22180998325348,0.5,0.984269244577978,0.9,29.6,515654671469.547,0.2,0.3,5.15931446589109,11.1166000366211,0.3,32.2315711975098,9923085.0,19.7074603370916,88.9668585102809,6.99,0.5,2.34,82.3073170731707,4.2707,100.0
15140,Turkiye,2016,58.8644409179688,0.359059989452362,1.6,7.77513415328334,11.6,41.9,869682954136.208,0.0,0.3,5.69183279813198,1.78507995605469,0.2,18.1570796966553,81019394.0,7.23926479109888,88.7629454068832,10.84,3.1,2.75,76.66,1.8142,88.9477005004883
15436,United Arab Emirates,2018,82.8856201171875,0.905449986457825,0.0,3.06863379251991,0.4,26.0,427049432157.931,0.0,0.0,15.8086878707137,10.0739097595215,0.0,51.7846717834473,9140169.0,1.21968197635722,77.0996232320676,2.24,0.1,1.38,79.627,2.5278,91.0054321289063
15445,Belgium,2018,87.46556854248044,0.625675022602081,0.1,2.05316499865181,0.2,27.2,543299066998.892,0.1,0.1,6.12096377150522,15.26907968521115,0.1,35.4611396789551,11427054.0,18.783552969445,85.9811278647269,5.95,0.1,5.62,81.5951219512195,3.1146,96.30634689331055
15457,Brazil,2018,60.0145111083984,0.257620006799698,10.9,3.66485028376724,26.7,53.9,1916933708404.16,2.0,4.5,11.5536597805284,0.957949995994568,5.3,16.5433902740479,210166592.0,8.70559458682759,74.7376983511031,12.46,11.1,2.09,75.109,2.2379,80.2751235961914
15465,Switzerland,2018,97.0852584838867,2.93415999412537,0.0,0.936335464113605,0.2,33.1,725562534363.895,0.0,0.0,5.69826863764251,19.9682102203369,0.0,38.9819602966309,8514329.0,18.3627296893722,89.5529243677502,4.71,0.1,4.63,83.7536585365854,4.3328,99.6746520996094
15476,Costa Rica,2018,54.5584602355957,0.314749985933304,4.0,2.22111461526584,13.9,48.0,62420164964.6987,0.6,1.4,10.8785114228484,2.82293009757996,1.5,22.2299098968506,5040734.0,9.57236584989408,81.9929907443709,9.01,4.8,1.11,79.484,2.8939,81.9713897705078
15481,Cyprus,2018,81.7732315063477,0.754980027675629,0.1,1.43549119531762,0.2,32.7,25597301190.678,0.0,0.0,5.3466254345444,12.2080698013306,0.0,37.7905197143555,1218831.0,13.5705852575131,89.8616486277654,8.37,0.1,3.4,81.382,2.9799,95.5756072998047
15482,Czechia,2018,99.81877517700201,0.6782850027084351,0.0,2.14949494949492,0.2,25.0,249000540729.179,0.0,0.0,4.77548092277927,16.08907985687255,0.0,20.934935569763198,10629928.0,19.4417572658004,89.3967236941536,2.24,0.1,6.62,79.0292682926829,4.024,99.86993026733396
15483,Germany,2018,96.3322525024414,1.25295996665955,0.2,1.73216879766946,0.2,31.8,3974443355019.53,0.0,0.0,4.64167927814672,11.1985902786255,0.0,25.7418899536133,82905782.0,21.4991247751245,90.5983327596301,3.38,0.1,8.0,80.8926829268293,4.2996,100.0
15498,Spain,2018,77.7223587036133,0.660179972648621,1.2,1.67498136863794,2.7,34.7,1421702715218.01,0.6,0.8,3.62210162451938,12.924280166626,0.8,31.106409072876,46797754.0,19.2922223977269,90.7674536252155,15.25,1.3,2.97,83.4317073170732,4.0299,91.9167175292969
15505,France,2018,84.9052276611328,0.8413299918174746,0.1,1.85081508315494,0.1,32.4,2790956878746.61,0.0,0.0,6.35586909299778,10.00481510162351,0.0,31.1523151397705,67158348.0,20.3102307122097,87.2761033734964,9.02,0.1,5.91,82.6756097560976,3.24,97.62037658691405
15509,United Kingdom,2018,99.7478179931641,1.0010199546814,0.5,2.29283990345939,0.7,33.7,2878152147315.82,0.3,0.4,3.68614740758269,11.9904203414917,0.5,44.0941696166992,66460344.0,18.3221361235212,88.1570765293416,4.0,0.5,2.5,81.2560975609756,2.8044,100.0
15534,Indonesia,2018,50.9141387939453,0.0501700006425381,26.4,3.19834641562404,62.8,38.4,1042271532953.36,0.8,6.7,4.74791485029487,0.614300012588501,5.4,9.99415016174316,267066843.0,6.458385226163,76.3264256879934,4.39,25.5,1.04,70.338,0.4241,78.4278793334961
15582,Mexico,2018,63.2359199523926,0.0829700008034706,9.4,4.89935015356549,31.1,46.7,1222405556421.13,0.7,2.8,10.4962551679616,1.51269996166229,2.6,16.4495906829834,124013861.0,7.66820086478801,80.4103092072542,3.27,10.7,0.98,74.015,2.4248,82.7533721923828
15597,Malaysia,2018,76.7779769897461,0.264580011367798,0.2,0.884709160571244,3.4,41.2,358788833524.945,0.0,0.0,8.41842161031946,1.62221002578735,0.0,20.2880592346191,32399271.0,6.51891663675216,73.4429783304743,3.3,0.6,1.88,75.644,1.9398,94.3737335205078
15604,Netherlands,2018,90.3683166503906,0.627430021762848,0.2,1.70349794744475,0.4,28.1,914043438179.591,0.1,0.1,5.76499055099377,11.7291698455811,0.1,33.039680480957,17231624.0,18.9656134421745,88.234188813408,3.83,0.2,3.17,81.8121951219512,3.7092,98.5149765014648
15605,Norway,2018,99.21428680419919,1.051169991493225,0.3,2.76483134528794,0.5,27.6,439788625883.8,0.2,0.2,5.59829045075369,11.20859003067015,0.3,38.63251113891605,5311916.0,17.0872801337269,86.7221299287588,3.8,0.3,3.53,82.7585365853659,4.834,99.69989013671875
15612,Pakistan,2018,19.9216003417969,0.0087000001221895,39.8,5.07805725868917,84.5,29.6,356128167702.894,0.6,9.0,6.99617358473283,1.45052003860474,4.9,3.17432999610901,219731479.0,4.05000140182463,59.8558675161075,4.08,36.3,0.63,66.482,0.9801,38.9729995727539
15622,Portugal,2018,54.3030204772949,0.588530004024506,0.7,0.99371568346825,2.1,33.5,242313116577.963,0.2,0.3,4.79371579293751,13.6415901184082,0.3,18.6854991912842,10283822.0,21.7183171547454,86.6892779439777,6.99,0.8,3.45,81.3243902439024,5.3117,91.5428009033203
15649,Slovak Republic,2018,99.2685623168945,0.836290001869202,1.3,2.51403712883808,3.4,25.0,106137924015.591,0.1,0.3,6.28671780232579,19.3569297790527,0.2,22.1553707122803,5446771.0,15.7882261985621,88.6085086359974,6.54,1.3,5.7,77.2658536585366,3.517,99.7428665161133
15650,Slovenia,2018,97.97189712524414,3.16891992092133,0.0,1.73860861988181,0.1,24.6,54177882425.8421,0.0,0.0,7.35694422198643,15.77935552597045,0.0,28.3472852706909,2073894.0,19.2242217667874,89.9880996804389,5.11,0.0,4.43,81.3780487804878,3.1721,99.79055786132815
15651,Sweden,2018,91.54083251953125,1.26801002025604,0.9,1.95353530127029,1.4,30.0,555455371487.089,0.6,0.7,5.03745873904773,11.584829807281501,0.7,33.42157936096195,10175214.0,19.8816350396337,89.0470759204382,6.36,0.9,2.14,82.5585365853659,4.4055,100.0
15672,Turkiye,2018,63.4576187133789,0.42281499505042996,1.4,16.3324638988929,10.9,41.9,778476714087.962,0.0,0.3,4.66807225367062,2.420680046081545,0.0,19.92609977722165,82809304.0,7.61392036567582,90.1666080124334,10.89,2.6,2.85,77.563,1.8597,90.26830291748044
15679,United States,2018,96.0293731689453,2.03264999389648,1.2,2.44258329692818,1.7,41.4,20533057312000.0,0.9,1.0,6.55296093578568,13.0503797531128,1.0,45.167911529541,326838199.0,15.3976975750778,88.1449804799197,3.9,1.2,2.87,78.6390243902439,2.61,99.0315322875977
15711,Belgium,2019,88.4269638061523,0.603200018405914,0.1,1.43681956996435,0.2,27.2,535865692402.342,0.1,0.1,6.12096377150522,15.6211595535278,0.1,35.7981986999512,11488980.0,19.0117768297794,85.9811278647269,5.36,0.1,5.58,81.9951219512195,3.1495,96.7423629760742
15742,Costa Rica,2019,55.001325607299805,0.2682649940252305,3.5,2.09604635327805,13.7,48.2,64417670555.7821,0.4,1.1,10.8785114228484,2.840265035629275,1.1,22.261630058288603,5084532.0,9.88549289152796,81.9929907443709,10.81,4.3,1.1,79.427,3.0972,82.52743148803711
15748,Czechia,2019,99.8096313476563,0.681429982185364,0.0,2.84787595918047,0.3,25.3,252548179964.897,0.0,0.0,4.77548092277927,16.0015602111816,0.0,21.0129203796387,10671870.0,19.8202815617653,89.3967236941536,2.01,0.1,6.62,79.2292682926829,4.0601,99.8614807128906
15764,Spain,2019,79.24589538574219,0.7710349857807159,1.1,0.699518994458693,2.8,34.3,1394320055129.38,0.6,0.7,3.62210162451938,13.5585150718689,0.8,32.274359703064,47134837.0,19.4846195014225,90.7674536252155,14.1,1.2,2.97,83.8317073170732,4.4411,92.566764831543
15765,Estonia,2019,97.8234634399414,0.931609988212585,0.9,2.27725931243518,1.4,30.8,31081901909.2151,0.3,0.5,4.22251355239039,21.2413291931152,0.6,39.894624710083,1326898.0,19.9022108250816,92.1948909762529,4.51,0.8,4.57,78.6463414634147,3.4724,99.776496887207
15771,France,2019,85.5956573486328,0.846279978752136,0.1,1.10825492288292,0.4,31.2,2728870246705.83,0.0,0.0,6.35586909299778,10.5139303207397,0.1,32.1738395690918,67388001.0,20.676325207027,87.2761033734964,8.41,0.1,5.91,82.8268292682927,3.2735,97.6722869873047
15775,United Kingdom,2019,99.8025970458984,1.07942998409271,0.5,1.73810460086511,0.7,32.8,2857057847953.02,0.2,0.4,3.68614740758269,13.5756597518921,0.5,47.2437782287598,66836327.0,18.530703049907,88.1570765293416,3.74,0.5,2.46,81.4048780487805,2.9093,100.0
15783,Greece,2019,73.6619491577148,0.716400027275085,1.3,0.25300752203812,3.9,33.1,205257014892.498,0.4,0.7,3.9092271407784,6.85041999816895,0.7,26.8089694976807,10721582.0,21.8804827755261,83.2361672454401,17.31,1.5,4.2,81.6390243902439,6.3072,96.4685211181641
15795,Hungary,2019,98.1814270019531,0.68953001499176,0.9,3.3385863538201,2.5,30.0,164020460331.659,0.1,0.3,4.13719063874997,11.7679395675659,0.3,24.9986801147461,9771141.0,19.6125829690153,93.8859147873012,3.42,0.9,7.01,76.3195121951219,3.5248,99.6724624633789
15810,Italy,2019,82.1943817138672,0.401259988546371,1.3,0.611246943765291,2.6,34.6,2011302198827.41,0.8,0.9,3.85670624309975,12.964750289917,1.0,16.5650005340576,59729081.0,23.0628761765936,90.6385058588077,9.95,1.4,3.14,83.4975609756098,3.9958,96.7274398803711
15870,Netherlands,2019,90.79304885864255,0.6667700111866,0.1,2.63369910249593,0.4,29.2,910194347568.61,0.0,0.1,5.76499055099377,12.43266010284425,0.1,34.87741088867185,17344874.0,19.3190662940831,88.234188813408,3.38,0.1,3.17,82.1121951219512,3.7689,98.53871917724605
15871,Norway,2019,99.188232421875,1.08565998077393,0.3,2.16773003305405,0.5,27.7,408742840909.091,0.1,0.2,5.59829045075369,11.5490198135376,0.2,39.2325706481934,5347896.0,17.3963827799917,86.7221299287588,3.69,0.2,3.53,82.9585365853659,4.94,99.7143783569336
15888,Portugal,2019,57.9531211853027,0.719460010528564,0.2,0.338178410046125,1.5,32.8,239986922638.897,0.1,0.1,4.79371579293751,15.1050901412964,0.1,20.7785091400146,10286263.0,22.0214767399134,86.6892779439777,6.46,0.4,3.45,81.6756097560976,5.4837,92.8314971923828
15915,Slovak Republic,2019,99.0162200927734,0.839690029621124,0.5,2.66456133425443,2.0,23.2,105710052464.625,0.0,0.1,6.28671780232579,20.3189792633057,0.1,23.034309387207,5454147.0,16.3162889691899,88.6085086359974,5.75,0.6,5.7,77.6658536585366,3.565,99.7565383911133
15916,Slovenia,2019,98.171012878418,3.58211994171143,0.0,1.63052260754338,0.1,24.4,54331588482.3048,0.0,0.0,7.35694422198643,16.236400604248,0.0,28.5179100036621,2088385.0,19.6906954725528,89.9880996804389,4.45,0.0,4.43,81.5292682926829,3.277,99.8007278442383
15917,Sweden,2019,92.0146331787109,1.29111003875732,0.4,1.78415097403832,0.9,29.3,533879529188.454,0.2,0.3,5.03745873904773,11.849889755249,0.3,34.0250396728516,10278887.0,19.9695673559639,89.0470759204382,6.83,0.4,2.14,83.109756097561,4.4055,100.0
15938,Turkiye,2019,66.0219192504883,0.422910004854202,2.2,15.1768215720023,12.6,41.9,759934804372.319,0.0,0.5,4.66807225367062,2.5780200958252,0.4,20.7643604278564,83481684.0,7.95083026834964,90.1666080124334,13.67,3.5,2.85,77.832,1.9275,91.03515625
15977,Belgium,2020,88.4269638061523,0.603200018405914,0.1,0.740791812220385,0.3,26.0,525213067068.319,0.0,0.1,6.12096377150522,15.6211595535278,0.1,35.7981986999512,11538604.0,19.2076193876575,85.9811278647269,5.55,0.1,5.58,80.6951219512195,3.1495,96.7423629760742
16008,Costa Rica,2020,55.4441909790039,0.221780002117157,6.0,0.724911478131358,19.9,49.2,62395610764.0705,0.9,2.2,10.8785114228484,2.85759997367859,2.3,22.2933502197266,5123105.0,10.218324629302,81.9929907443709,16.43,7.0,1.1,79.277,3.3005,83.0834732055664
16041,United Kingdom,2020,99.8025970458984,1.07942998409271,0.5,0.98948670377243,0.7,32.6,2704609160088.15,0.3,0.4,3.68614740758269,13.5756597518921,0.5,47.2437782287598,67081234.0,18.7225119004065,88.1570765293416,4.472,0.6,2.46,80.3512195121951,3.0037,100.0
